,S1,S2,S3
0,344,415,149
1,76,137,56
2,1803,2219,1225
3,1671,2662,1081
4,2666,3195,821
5,2104,2578,688
6,214,406,186
7,86,150,40
8,1813,2355,1407
9,1688,2590,1337
10,2867,3269,900
11,2290,2781,789
12,274,474,173
13,108,161,60
14,2001,2298,1831
15,1703,2918,1422
16,2953,3515,954
17,2244,3065,939
18,61,156,82
19,26,71,34
20,1021,1267,1184
21,970,1461,840
22,1470,2059,521
23,1201,1705,516
24,85,302,114
25,42,86,41
26,1395,1858,1204
27,1311,2249,1161
28,2124,3038,666
29,1612,2743,623
30,346,700,182
31,138,197,62
32,2233,2663,2079
33,2212,3441,1698
34,3773,5326,1069
35,2875,4403,1116
36,114,220,95
37,35,74,45
38,1227,1211,1409
39,1136,1458,869
40,1561,2303,620
41,1272,2002,682
42,165,456,146
43,59,130,55
44,1501,2036,1561
45,1575,2371,1313
46,2200,3765,960
47,1794,3358,911
48,116,362,115
49,50,110,41
50,1445,1850,1286
51,1434,2281,1217
52,2063,3010,802
53,1667,2582,727
54,122,449,155
55,91,121,65
56,1330,1827,2035
57,1494,2557,1367
58,2190,3223,957
59,1747,2850,844
60,141,342,130
61,59,123,54
62,1533,1839,2310
63,1567,2405,1253
64,2325,2790,820
65,1744,2573,825
66,145,423,125
67,56,115,46
68,1550,2037,1498
69,1527,2637,1333
70,2431,3583,860
71,1808,3017,833
72,300,723,228
73,98,192,72
74,1543,2434,2091
75,2048,3418,1552
76,3520,4465,1238
77,2409,4031,1094
78,174,595,342
79,82,192,85
80,794,1516,2638
81,1381,2247,1520
82,2510,3952,1208
83,1683,3908,1174
84,162,503,227
85,64,183,64
86,1261,2070,2795
87,1565,3061,1671
88,2732,3729,1086
89,2043,3650,1074
90,208,590,224
91,140,221,66
92,1497,2252,2499
93,1722,3232,1670
94,2783,4170,1221
95,2123,3819,1072
96,194,379,142
97,76,123,47
98,1564,2020,1819
99,1649,2864,1367
100,2372,3113,901
101,1784,2846,910
102,157,555,199
103,65,144,69
104,1341,2104,1768
105,1638,3163,1854
106,3019,3997,1070
107,2079,3768,928
108,206,691,197
109,68,189,52
110,1593,2093,1586
111,1708,2985,1597
112,2933,4071,1058
113,2210,3551,1053
114,285,475,166
115,95,182,50
116,1909,2254,1719
117,2052,3382,1524
118,3225,3797,984
119,2258,3293,946
120,226,438,209
121,47,127,55
122,1500,1278,1320
123,1670,1948,1105
124,1922,2900,1049
125,1274,2889,1243
126,154,402,217
127,57,88,78
128,1218,1216,1201
129,1410,1884,1022
130,1992,3208,1079
131,1585,2795,1024
132,184,451,180
133,88,153,46
134,1683,2163,1660
135,1762,3045,1544
136,2643,3754,976
137,2003,3264,1006
138,181,411,154
139,75,145,55
140,1440,2003,1626
141,1670,3004,1460
142,2589,3200,957
143,1871,2943,959
144,181,473,273
145,65,123,60
146,1354,2140,1686
147,1672,3260,1614
148,2740,3402,1052
149,2103,3150,1065
150,237,549,162
151,89,166,58
152,1703,2270,1680
153,1900,3059,1612
154,2890,3859,1046
155,2250,3448,989
156,324,598,250
157,105,185,48
158,1740,2701,1811
159,2014,3791,1615
160,3588,4026,1084
161,2696,3622,1197
162,269,405,265
163,54,147,90
164,1314,1374,1636
165,1770,2062,1300
166,1975,2867,1116
167,1096,2752,1253
168,186,431,136
169,62,119,52
170,1327,2005,1509
171,1476,2809,1268
172,2451,3579,889
173,1883,2958,907
174,198,532,170
175,72,141,60
176,1322,2230,1629
177,1602,3053,1532
178,2769,3968,875
179,2088,3510,949
180,150,416,133
181,74,114,55
182,1343,2153,1362
183,1566,2783,1388
184,2431,3522,944
185,1851,2865,883
186,176,528,229
187,68,144,57
188,1551,2217,1579
189,1594,2944,1488
190,2698,3694,958
191,2141,3206,860
192,201,620,238
193,77,147,65
194,1304,2248,1412
195,1652,2964,1348
196,2743,4080,1090
197,2144,3584,902
198,369,632,254
199,121,183,44
200,1472,2561,1509
201,2030,3223,1457
202,3498,4548,1049
203,2557,3689,960
204,143,399,249
205,52,86,84
206,1037,1150,1132
207,1560,1597,1019
208,1787,3089,1160
209,1130,2661,963
210,138,476,196
211,47,142,55
212,1011,1722,1275
213,1385,2434,1216
214,2309,3585,997
215,1761,3173,922
216,178,454,217
217,67,137,59
218,1580,1922,1371
219,1666,2573,1415
220,2509,3356,991
221,1863,2942,826
222,183,332,113
223,62,88,50
224,1449,1807,1196
225,1417,2079,1174
226,2028,2915,767
227,1624,2668,738
228,249,419,149
229,74,127,47
230,1597,2171,1354
231,1585,2658,1337
232,2529,3047,884
233,1913,2799,934
234,256,436,132
235,66,122,53
236,1990,2227,1315
237,1768,2720,1353
238,2758,3517,877
239,2265,3224,821
240,298,527,182
241,102,166,55
242,2029,2317,1530
243,2099,2985,1432
244,3254,3705,897
245,2398,3175,980
246,167,373,236
247,47,99,49
248,1041,1344,1280
249,1192,1703,1075
250,2023,3309,1046
251,1679,3042,1011
252,266,526,164
253,67,145,56
254,1515,2335,1478
255,1619,2905,1392
256,2554,3694,912
257,2020,3051,853
258,255,497,194
259,73,124,58
260,1328,2274,1512
261,1569,2692,1411
262,2880,3802,997
263,2022,3328,802
264,274,540,214
265,87,158,80
266,1276,2033,1446
267,1526,2667,1525
268,2666,4166,1051
269,2017,3665,891
270,277,522,193
271,83,162,58
272,1544,2291,1442
273,1850,2999,1508
274,2874,4145,991
275,2092,3417,1033
276,281,505,183
277,94,163,70
278,1618,2430,1379
279,1953,2755,1357
280,3189,4034,1014
281,2275,3596,896
282,284,469,127
283,95,107,41
284,1611,1984,1228
285,1669,2683,1223
286,3036,3697,817
287,2336,3060,744
288,178,316,177
289,51,59,46
290,1456,1205,1212
291,1320,1521,1049
292,1822,2535,771
293,1526,2310,950
294,1267,455,168
295,975,144,65
296,1275,2094,1334
297,1478,2571,1247
298,2261,3491,870
299,1778,3177,893
300,626,305,96
301,543,95,47
302,904,1658,1047
303,1077,1954,987
304,1853,2799,683
305,1298,2606,653
306,1197,455,160
307,931,153,55
308,1354,2188,1415
309,1469,2653,1344
310,2098,3301,899
311,1760,2977,888
312,1299,484,161
313,1054,174,95
314,1402,2275,1994
315,1539,2918,1364
316,2439,3293,905
317,1689,3261,916
318,1481,508,172
319,1235,165,65
320,1491,2415,2622
321,1470,2935,1448
322,2330,3411,973
323,1774,3322,933
324,2167,556,214
325,1639,204,59
326,940,2259,2587
327,1137,3090,1428
328,2665,3336,1024
329,1823,3345,813
330,410,188,112
331,376,66,40
332,958,1039,1484
333,907,1188,744
334,1352,1692,561
335,1089,1651,626
336,1175,367,113
337,957,137,71
338,1283,2044,1810
339,1228,2420,1259
340,1874,3087,757
341,1638,2795,707
342,1341,532,188
343,1129,154,66
344,1443,2144,2150
345,1398,2694,1425
346,2388,3349,927
347,1730,3236,986
348,1112,535,214
349,882,161,64
350,1230,2128,2676
351,1298,2736,1495
352,2481,3573,978
353,1799,3281,829
354,956,521,198
355,854,175,70
356,1271,2118,2362
357,1169,2833,1571
358,2738,3902,939
359,2073,3544,769
360,996,481,177
361,374,211,56
362,1018,2238,2899
363,1125,3073,1651
364,3547,3464,949
365,3060,3353,798
366,3011,497,241
367,2276,229,85
368,543,2305,2204
369,828,3235,1668
370,2828,3254,854
371,1891,3355,717
372,2062,361,247
373,1681,140,60
374,640,1263,1841
375,838,1675,1149
376,1974,2907,926
377,1326,3024,898
378,1560,477,188
379,1327,175,59
380,800,1940,2016
381,930,2441,1373
382,2340,3203,863
383,1554,3153,745
384,1870,494,213
385,1521,177,71
386,745,2051,2230
387,1024,2871,1507
388,2391,3363,963
389,1626,3333,779
390,1970,407,221
391,1412,146,93
392,664,2168,2695
393,1192,2839,1627
394,2424,3299,927
395,1653,3225,931
396,1743,492,238
397,1533,175,84
398,985,2136,2110
399,1153,2661,1514
400,2387,3861,962
401,1716,3647,844
402,2285,576,218
403,2054,185,89
404,1043,2343,3085
405,1195,3130,1650
406,2398,4128,1009
407,1768,3725,908
408,2812,600,185
409,2482,235,62
410,1055,2536,2166
411,1179,3283,1404
412,2317,3824,907
413,1723,3658,870
414,2139,336,273
415,1956,127,78
416,728,1434,2510
417,895,1809,1342
418,1671,2776,926
419,1376,2606,733
420,1468,469,180
421,1502,148,71
422,927,2043,2760
423,976,2475,1284
424,2013,3294,865
425,1483,3208,847
426,1085,370,126
427,1045,121,44
428,807,1996,2081
429,1007,2323,1210
430,1802,2795,721
431,1396,2808,727
432,1126,318,152
433,1070,136,48
434,1200,2028,1286
435,1276,2434,1377
436,1914,2927,726
437,1402,2854,678
438,1922,542,197
439,1702,166,62
440,1136,2227,1486
441,1353,2735,1390
442,1959,3443,909
443,1567,3408,880
444,1214,363,95
445,1326,124,43
446,1061,2046,1200
447,1149,2510,1150
448,1821,2893,626
449,1325,2757,601
450,2328,479,174
451,2175,155,38
452,1279,2412,1435
453,1275,2941,1279
454,2110,3031,790
455,1755,2984,748
456,2142,344,278
457,1830,110,66
458,870,1334,1647
459,980,1755,1096
460,1796,2745,927
461,1270,2519,918
462,1634,318,160
463,1541,118,40
464,848,1468,1646
465,1006,1703,999
466,1634,2212,722
467,1216,2155,814
468,1308,450,153
469,1220,126,55
470,1097,2229,1876
471,1287,2618,1243
472,1977,3191,784
473,1565,3216,832
474,1576,432,184
475,1516,130,77
476,1198,2108,2538
477,1343,2604,1351
478,2034,3534,859
479,1616,3384,842
480,937,268,95
481,847,82,38
482,870,1656,1172
483,922,1822,1045
484,1427,2551,558
485,1124,2452,599
486,1700,454,183
487,1702,163,72
488,927,2383,1764
489,1103,2773,1393
490,2196,3343,901
491,1725,3137,852
492,1345,345,159
493,1519,152,47
494,1011,1911,1419
495,1071,2504,1073
496,2145,2669,613
497,1488,2652,660
498,1714,336,181
499,1782,121,60
500,817,1473,1345
501,963,1751,1063
502,1647,2552,984
503,1152,2445,1037
504,1548,371,152
505,1550,145,64
506,779,2201,1559
507,999,2649,1290
508,1968,3028,765
509,1420,2779,705
510,1848,434,136
511,1659,163,54
512,933,2331,1852
513,1136,2913,1206
514,1981,3000,814
515,1510,3001,768
516,1305,415,140
517,1216,149,54
518,860,1942,2005
519,1074,2469,1216
520,1974,3578,781
521,1513,3137,677
522,1702,457,152
523,1600,146,79
524,1028,2283,1733
525,1149,3097,1353
526,2281,3485,855
527,1768,3339,887
528,2042,588,168
529,1920,193,66
530,1137,2667,2163
531,1163,3211,1418
532,2146,3614,961
533,1759,3630,963
534,1382,1801,123
535,1420,338,36
536,1194,2361,1992
537,1161,2687,1132
538,2138,3582,646
539,1486,3583,624
540,1597,327,195
541,1559,90,57
542,988,1507,1643
543,812,1820,1040
544,1553,2309,848
545,1245,2367,938
546,1375,434,139
547,1452,153,49
548,1082,2414,2089
549,1163,2857,1279
550,2118,3126,803
551,1610,3018,852
552,1344,428,192
553,1375,139,63
554,1189,2428,2945
555,1081,2839,1384
556,2073,3307,832
557,1687,3055,829
558,1449,410,195
559,1508,159,68
560,1029,2462,3169
561,1037,2908,1380
562,1969,3171,896
563,1625,3013,905
564,1622,439,182
565,1433,162,59
566,1052,2432,2852
567,1071,2845,1304
568,1928,3403,845
569,1679,3288,814
570,1788,457,132
571,1449,147,50
572,1093,2490,1914
573,1423,2912,1347
574,2101,3669,848
575,1677,3452,811
576,1642,413,131
577,1671,154,51
578,1297,2476,1824
579,1232,3091,1194
580,2164,3033,688
581,1717,2867,685
582,1817,350,198
583,1621,104,59
584,1048,1539,1822
585,875,1927,1083
586,1432,2334,900
587,1285,2301,899
588,1762,530,203
589,1764,182,71
590,1226,2196,2055
591,1168,2929,1326
592,1910,3798,847
593,1498,3580,775
594,2165,481,234
595,1801,174,68
596,1091,2291,2242
597,1033,2983,1479
598,1887,4254,965
599,1638,3677,852
600,2045,499,277
601,1599,186,83
602,1098,2456,1984
603,1255,3122,1504
604,2286,3940,986
605,1656,3644,875
606,1884,556,248
607,1676,163,67
608,1123,2396,2913
609,1059,3030,1411
610,1821,3816,913
611,1487,3677,929
612,2344,623,240
613,1993,230,50
614,1173,2873,2843
615,1412,3556,1530
616,2252,4814,963
617,1926,4351,868
618,3593,591,306
619,2960,247,73
620,1394,2530,2447
621,1540,3519,1564
622,1431,3975,962
623,1399,3914,773
624,1841,358,216
625,1864,117,49
626,1005,1795,2029
627,897,2015,1129
628,992,2588,843
629,1003,2711,1098
630,1720,502,179
631,1831,150,49
632,984,2604,1395
633,986,2985,1297
634,1363,3194,899
635,1299,3118,889
636,1497,468,171
637,1672,176,51
638,935,2277,2530
639,1008,2753,1358
640,1472,3262,920
641,1216,3047,898
642,1898,370,196
643,1989,140,59
644,952,1937,3051
645,1051,2310,1431
646,1368,2615,908
647,1208,2550,879
648,1495,419,191
649,1675,143,64
650,922,2336,2101
651,969,2850,1414
652,1363,3079,822
653,1248,2909,817
654,2091,565,178
655,1943,193,56
656,1075,2666,3766
657,1177,3126,1575
658,1339,3347,936
659,1382,3446,916
660,3186,639,258
661,2888,209,57
662,1386,2828,2921
663,1366,3567,1455
664,1508,4137,888
665,1463,3831,927
666,1859,358,255
667,1916,104,57
668,1171,1692,2399
669,918,2077,1133
670,990,2925,878
671,1020,2616,933
672,1750,317,168
673,1640,117,67
674,989,1876,3436
675,1059,2463,1274
676,1076,3213,798
677,1042,2882,661
678,1835,409,229
679,1906,144,52
680,1159,1948,3227
681,1251,2526,1264
682,1224,3498,857
683,1134,3034,733
684,1496,343,176
685,1613,140,57
686,978,2228,2751
687,1069,2698,1370
688,1279,3500,854
689,1116,3013,728
690,1548,359,156
691,1656,129,41
692,1019,2183,1240
693,1005,2789,1244
694,1424,3263,737
695,1215,2884,708
696,2221,441,208
697,2005,158,56
698,865,2448,2807
699,1291,2875,1450
700,1365,3451,901
701,1250,3250,819
702,3194,607,215
703,2832,271,53
704,1171,2836,2748
705,1167,3286,1490
706,1461,3725,916
707,1555,3537,853
708,1612,271,200
709,1954,119,47
710,820,1737,2548
711,879,2100,1049
712,1042,2290,889
713,892,2357,836
714,1622,361,193
715,1349,125,49
716,648,2050,2767
717,993,2411,1214
718,1269,2941,738
719,1139,2695,782
720,1951,346,170
721,1643,147,57
722,735,2180,2491
723,1050,2614,1372
724,1265,3207,818
725,1093,2892,687
726,1506,338,131
727,1318,137,58
728,561,2244,3309
729,988,2557,1471
730,1319,2967,808
731,1127,2733,668
732,1860,435,180
733,1849,177,61
734,1131,2253,2397
735,1074,2662,1275
736,1281,3650,840
737,1223,3277,771
738,1705,385,151
739,1394,164,45
740,967,2460,1728
741,1055,2904,1243
742,1261,3221,797
743,1284,3057,687
744,3483,613,233
745,3047,252,66
746,1392,2923,2527
747,1276,3666,1582
748,1434,4186,938
749,1466,3770,842
750,2424,325,281
751,2136,114,67
752,1225,1708,1604
753,921,2055,1146
754,986,3049,1079
755,1024,2842,976
756,1625,325,149
757,1426,134,64
758,901,1868,1574
759,979,2372,1170
760,1104,3096,751
761,1118,2826,661
762,1786,450,144
763,1709,147,64
764,1103,2176,1605
765,1002,2669,1277
766,1183,3731,801
767,1118,3096,700
768,1474,385,168
769,1709,162,57
770,1139,2229,2089
771,1161,2721,1257
772,1246,3442,873
773,1156,3208,739
774,1751,432,173
775,1841,129,69
776,988,2150,1953
777,1112,2659,1351
778,1322,3414,823
779,1134,3030,734
780,2048,495,195
781,2009,268,60
782,1202,2840,1581
783,1182,3667,1348
784,1295,3388,864
785,1223,3182,747
786,3260,722,266
787,3105,267,63
788,1409,3072,1825
789,1485,3843,1634
790,1669,4394,1064
791,1417,3870,935
792,1299,351,211
793,1544,139,52
794,975,1685,1414
795,804,1998,1149
796,1051,2992,874
797,910,2586,852
798,1200,289,174
799,1345,130,52
800,1210,2004,1354
801,1194,2532,1157
802,1402,3082,800
803,1210,2915,619
804,1004,307,123
805,1279,144,54
806,1169,2124,1328
807,1043,2501,1185
808,1367,2954,762
809,1183,2765,747
810,1336,351,156
811,1468,131,77
812,1225,2102,2401
813,1233,2640,1231
814,1336,3614,793
815,1129,3373,735
816,1160,393,124
817,1132,140,86
818,1181,2189,1398
819,1139,2543,1274
820,1396,2893,703
821,1174,2684,752
822,480,391,175
823,363,177,45
824,1876,2450,1506
825,2010,3100,1249
826,2231,3696,817
827,2008,3486,701
828,481,490,150
829,261,188,53
830,1822,2714,1738
831,1916,3379,1419
832,3700,3990,801
833,2865,3549,873
834,221,255,186
835,94,80,57
836,1852,1529,1425
837,1544,1766,909
838,2108,2762,707
839,1892,2556,776
840,201,365,185
841,116,108,49
842,1362,2068,1479
843,1625,2420,1195
844,2446,3649,730
845,1786,3111,629
846,199,333,138
847,99,118,60
848,1458,2180,1356
849,1576,2501,1095
850,2365,3182,753
851,1832,2891,696
852,163,365,144
853,124,115,66
854,1297,2204,1734
855,1607,2622,1185
856,2574,3166,808
857,1987,2977,793
858,210,628,148
859,130,159,58
860,1490,2097,1571
861,1564,2505,1249
862,2566,3379,781
863,1920,3106,771
864,353,481,181
865,154,167,60
866,1690,2605,1852
867,1951,2973,1421
868,3123,3728,895
869,2423,3450,852
870,501,519,188
871,226,178,44
872,2066,2668,1769
873,2176,3365,1396
874,3585,3812,841
875,2893,3585,814
876,258,377,222
877,113,92,69
878,2019,1675,1647
879,1703,2079,1018
880,2274,2969,973
881,1982,2659,957
882,215,380,165
883,143,108,62
884,1506,1990,1671
885,1611,2440,1168
886,2477,3516,807
887,1959,3131,695
888,186,455,133
889,113,131,50
890,1414,2041,1613
891,1538,2517,1306
892,2472,3260,797
893,1917,2838,733
894,204,383,130
895,131,115,58
896,1303,2098,1652
897,1646,2624,1332
898,2524,3209,811
899,1813,2843,798
900,228,471,144
901,111,132,62
902,1347,2237,1673
903,1549,2698,1297
904,2488,3315,811
905,1877,3026,815
906,324,619,169
907,184,180,61
908,1840,2666,1986
909,2280,3167,1315
910,3081,3959,860
911,2117,3468,795
912,433,581,176
913,201,186,62
914,1940,2861,1870
915,2147,3355,1418
916,3615,3737,822
917,2586,3394,916
918,299,348,183
919,92,98,62
920,1729,1788,2241
921,1833,1997,1068
922,2347,2800,1002
923,1752,2698,969
924,195,357,120
925,86,102,48
926,1373,1898,1623
927,1594,2349,1221
928,2486,3257,778
929,1737,2916,694
930,243,386,149
931,106,124,59
932,1418,2008,1741
933,1479,2350,1348
934,2465,3434,736
935,1982,3086,741
936,159,320,116
937,82,116,54
938,1422,2140,1565
939,1494,2498,1272
940,2521,3327,690
941,1982,2702,625
942,183,392,135
943,99,114,69
944,1571,2190,1572
945,1768,2788,1377
946,2672,3371,719
947,2060,3070,656
948,225,440,145
949,114,153,62
950,1655,2402,1642
951,1931,3035,1392
952,3059,3984,784
953,2254,3195,699
954,456,460,131
955,185,152,47
956,1993,2701,1561
957,1953,3304,1461
958,3418,3325,785
959,2733,2931,695
960,213,232,163
961,114,104,52
962,1938,1713,1434
963,1491,2005,1090
964,2330,2330,772
965,1907,2217,776
966,218,257,144
967,113,94,60
968,1789,1543,1234
969,1519,1932,978
970,2361,2433,594
971,2039,2208,648
972,243,460,128
973,111,163,49
974,1566,2349,1583
975,1693,2728,1493
976,2944,3445,816
977,2327,3117,807
978,223,423,136
979,82,107,44
980,1609,2123,1195
981,1509,2546,1154
982,2684,3893,664
983,2012,3094,708
984,266,378,156
985,91,117,41
986,1684,2102,1349
987,1552,2432,1213
988,2741,3474,667
989,2146,2960,621
990,311,595,193
991,118,185,53
992,2157,2811,1591
993,2071,3615,1402
994,3546,4330,765
995,2649,3820,699
996,425,451,176
997,203,104,67
998,2768,2781,1902
999,2473,3440,1630
1000,3936,3389,770
1001,3027,3209,685
1002,171,219,178
1003,89,57,36
1004,1501,1526,1013
1005,1357,1748,913
1006,2011,2555,759
1007,1613,2110,728
1008,126,327,129
1009,89,117,44
1010,1394,2055,1360
1011,1382,2370,1255
1012,2258,3251,693
1013,1717,2682,662
1014,194,343,152
1015,81,107,63
1016,1671,2227,1452
1017,1720,2512,1216
1018,2514,3004,635
1019,2020,2910,571
1020,192,348,162
1021,104,97,51
1022,1558,2232,1575
1023,1630,2520,1311
1024,2614,3480,740
1025,1963,2996,641
1026,167,334,149
1027,78,111,60
1028,1593,2290,1572
1029,1647,2583,1401
1030,2635,3168,701
1031,2033,2815,638
1032,212,531,177
1033,144,111,72
1034,1805,2625,1703
1035,1806,2895,1548
1036,2819,3786,838
1037,2304,3214,728
1038,306,444,136
1039,160,113,58
1040,2079,2835,1708
1041,1913,3266,1488
1042,3537,3405,738
1043,2718,3162,688
1044,184,356,211
1045,83,77,62
1046,1977,1738,1618
1047,1531,2017,1148
1048,2176,2963,862
1049,1894,2634,934
1050,148,314,144
1051,81,83,58
1052,1534,2046,1373
1053,1510,2337,1237
1054,2442,3076,686
1055,1865,2723,629
1056,196,326,144
1057,118,91,61
1058,1534,2089,1400
1059,1574,2435,1341
1060,2524,3157,764
1061,1877,2706,700
1062,193,346,156
1063,106,104,53
1064,1647,2258,1487
1065,1665,2475,1372
1066,2597,3069,735
1067,2085,2748,671
1068,178,378,158
1069,106,85,59
1070,1447,2068,1396
1071,1525,2337,1293
1072,2490,3342,642
1073,1852,2721,695
1074,191,463,165
1075,114,136,75
1076,1733,2602,1694
1077,1735,3074,1505
1078,2984,3548,767
1079,2331,3076,722
1080,393,542,160
1081,178,138,60
1082,2080,2952,1746
1083,2137,3332,1521
1084,3619,3620,831
1085,2723,3287,738
1086,281,326,193
1087,93,90,38
1088,1675,1779,1785
1089,1501,2135,1123
1090,2283,2600,912
1091,2009,2479,906
1092,180,299,163
1093,70,78,59
1094,1477,2122,1650
1095,1576,2314,1203
1096,2406,3231,686
1097,1829,2836,578
1098,154,320,152
1099,86,87,57
1100,1545,2131,2194
1101,1514,2493,1246
1102,2524,3090,718
1103,1881,2669,748
1104,165,373,191
1105,63,88,62
1106,1620,2296,1985
1107,1571,2608,1333
1108,2461,3173,746
1109,2065,2656,648
1110,185,400,219
1111,118,93,67
1112,1537,2247,1882
1113,1573,2573,1386
1114,2692,3407,772
1115,2042,2831,659
1116,262,500,202
1117,109,118,49
1118,1870,2626,2223
1119,1953,2984,1522
1120,3082,3491,825
1121,2363,3334,639
1122,313,518,202
1123,147,114,51
1124,2299,2877,1584
1125,2236,3344,1216
1126,3609,3507,704
1127,2802,3579,645
1128,246,328,231
1129,123,56,46
1130,1852,1827,1500
1131,1549,1943,901
1132,2210,2331,732
1133,1930,2480,888
1134,133,273,167
1135,90,74,65
1136,1467,2017,1969
1137,1586,2501,1261
1138,2484,2527,689
1139,1803,2601,685
1140,165,263,146
1141,76,78,50
1142,1321,1952,2316
1143,1440,2320,1134
1144,2210,2614,645
1145,1673,2569,682
1146,149,329,144
1147,57,76,45
1148,1397,2011,1175
1149,1469,2323,1008
1150,2321,2875,578
1151,1949,2568,550
1152,169,328,159
1153,93,112,56
1154,1635,2232,1457
1155,1662,2539,1230
1156,2587,2921,672
1157,1964,2764,658
1158,171,340,178
1159,88,91,52
1160,1833,2364,1558
1161,1820,2779,1309
1162,2899,3447,605
1163,2214,3050,560
1164,312,536,193
1165,137,169,51
1166,2375,2920,1744
1167,2269,3302,1395
1168,3608,3757,691
1169,2765,3581,707
1170,210,307,210
1171,78,49,40
1172,1943,1794,1570
1173,1654,2068,1064
1174,2271,2862,763
1175,1846,2426,809
1176,145,18,153
1177,90,1,34
1178,1562,103,1538
1179,1530,79,1308
1180,2443,108,763
1181,1910,100,678
1182,154,266,180
1183,68,65,47
1184,1548,1916,1200
1185,1452,2273,1159
1186,2404,2770,608
1187,1760,2438,603
1188,153,0,174
1189,95,0,56
1190,1759,0,1440
1191,1630,0,1322
1192,2691,0,694
1193,2098,0,645
1194,234,0,169
1195,100,0,59
1196,1827,0,1373
1197,1785,0,1306
1198,2678,0,672
1199,2074,0,616
1200,292,0,189
1201,122,0,64
1202,2243,0,1838
1203,2081,0,1582
1204,3114,0,795
1205,2435,0,699
1206,370,0,197
1207,121,0,50
1208,2597,0,1802
1209,2293,0,1483
1210,3564,0,746
1211,2819,0,703
1212,295,0,211
1213,100,0,46
1214,2507,0,1495
1215,1824,0,1034
1216,2498,0,827
1217,2227,0,866
1218,140,0,184
1219,76,0,60
1220,1779,0,1294
1221,1747,0,1251
1222,2621,0,634
1223,1931,0,542
1224,60,0,86
1225,30,0,21
1226,720,0,804
1227,698,0,718
1228,1432,0,287
1229,1064,0,268
1230,100,0,135
1231,56,0,49
1232,1116,0,1468
1233,1132,0,1017
1234,2182,0,463
1235,1678,0,426
1236,209,0,207
1237,108,0,51
1238,1571,0,1330
1239,1597,0,1372
1240,2914,0,694
1241,2187,0,689
1242,243,0,181
1243,135,0,54
1244,2442,0,1645
1245,2128,0,1436
1246,3285,0,758
1247,2663,0,673
1248,468,0,216
1249,173,0,43
1250,2800,0,1972
1251,2570,0,1483
1252,4273,0,716
1253,3039,0,673
1254,339,0,299
1255,91,0,38
1256,2415,0,2033
1257,1888,0,1182
1258,2839,0,696
1259,2335,0,735
1260,196,0,190
1261,109,0,58
1262,1914,0,1419
1263,1813,0,1313
1264,2916,0,647
1265,2250,0,617
1266,229,0,200
1267,125,0,48
1268,2031,0,1474
1269,1951,0,1399
1270,3225,0,692
1271,2523,0,639
1272,241,0,230
1273,141,0,46
1274,1993,0,1529
1275,1875,0,1475
1276,3473,0,884
1277,2644,0,705
1278,250,0,316
1279,133,0,63
1280,1861,0,1586
1281,1960,0,1493
1282,3476,0,767
1283,2744,0,739
1284,310,0,234
1285,143,0,54
1286,2156,0,1736
1287,2193,0,1657
1288,3886,0,931
1289,3023,0,899
1290,656,0,241
1291,265,0,77
1292,3472,0,2032
1293,3244,0,1870
1294,4963,0,992
1295,3891,0,936
1296,372,0,255
1297,163,0,53
1298,2534,0,1736
1299,2123,0,1367
1300,3506,0,976
1301,2881,0,980
1302,286,0,171
1303,143,0,40
1304,1785,0,1664
1305,1934,0,1567
1306,3786,0,835
1307,2909,0,818
1308,331,0,177
1309,172,0,50
1310,1960,0,1742
1311,2071,0,1661
1312,3995,0,892
1313,2915,0,901
1314,265,0,128
1315,114,0,34
1316,1622,0,1328
1317,1715,0,1301
1318,3794,0,690
1319,2758,0,555
1320,540,0,220
1321,227,0,62
1322,2712,0,2269
1323,2748,0,2071
1324,5741,0,863
1325,4155,0,848
1326,233,0,112
1327,132,0,30
1328,1678,0,1129
1329,1692,0,1043
1330,3972,0,601
1331,2808,0,494
1332,3,0,35
1333,0,0,7
1334,51,0,541
1335,39,0,103
1336,67,0,58
1337,56,0,63
1338,55,0,177
1339,38,0,32
1340,1018,0,1126
1341,763,0,900
1342,1360,0,511
1343,967,0,527
1344,130,0,167
1345,68,0,34
1346,1406,0,1073
1347,1078,0,899
1348,2028,0,618
1349,1789,0,545
1350,198,0,185
1351,112,0,39
1352,1790,0,1483
1353,1456,0,1079
1354,2807,0,726
1355,2380,0,674
1356,221,0,211
1357,107,0,41
1358,1630,0,1453
1359,1475,0,1130
1360,2781,0,677
1361,2207,0,632
1362,131,0,162
1363,69,0,27
1364,1109,0,1125
1365,1012,0,902
1366,2471,0,524
1367,1729,0,583
1368,293,0,166
1369,121,0,50
1370,1535,0,1499
1371,1519,0,1239
1372,2962,0,798
1373,2195,0,757
1374,99,0,140
1375,52,0,45
1376,1045,0,1057
1377,804,0,873
1378,1401,0,683
1379,1199,0,616
1380,213,0,163
1381,60,0,44
1382,1603,0,1330
1383,1158,0,985
1384,1877,0,730
1385,1678,0,795
1386,180,0,149
1387,86,0,27
1388,1560,0,1098
1389,1334,0,755
1390,2410,0,627
1391,1904,0,592
1392,198,0,163
1393,104,0,42
1394,1713,0,1569
1395,1616,0,1404
1396,2779,0,767
1397,2218,0,703
1398,206,0,183
1399,109,0,56
1400,1570,0,1603
1401,1476,0,1310
1402,2598,0,743
1403,2088,0,693
1404,112,0,110
1405,46,0,36
1406,1105,0,1242
1407,1053,0,1018
1408,2006,0,428
1409,1472,0,398
1410,152,0,137
1411,84,0,38
1412,1489,0,1329
1413,1384,0,1151
1414,2217,0,507
1415,1774,0,454
1416,282,0,168
1417,128,0,39
1418,2139,0,1586
1419,1901,0,1458
1420,3081,0,633
1421,2376,0,578
1422,152,0,136
1423,81,0,49
1424,1694,0,1374
1425,1357,0,1069
1426,1959,0,651
1427,1523,0,704
1428,164,0,132
1429,83,0,62
1430,1537,0,1271
1431,1426,0,1279
1432,2255,0,658
1433,1805,0,548
1434,164,0,137
1435,95,0,49
1436,1488,0,1377
1437,1415,0,1340
1438,2296,0,754
1439,1828,0,639
1440,170,0,175
1441,87,0,47
1442,1481,0,1352
1443,1471,0,1281
1444,2468,0,755
1445,1948,0,687
1446,128,0,169
1447,70,0,56
1448,1361,0,1355
1449,1241,0,1247
1450,2150,0,730
1451,1609,0,663
1452,188,0,172
1453,85,0,58
1454,1862,0,1478
1455,1718,0,1214
1456,2636,0,749
1457,2086,0,766
1458,356,0,246
1459,150,0,47
1460,2387,0,1862
1461,2096,0,1810
1462,3572,0,959
1463,2634,0,763
1464,222,0,222
1465,84,0,54
1466,2009,0,1422
1467,1481,0,1028
1468,2196,0,815
1469,1834,0,1010
1470,163,0,180
1471,61,0,53
1472,1651,0,1386
1473,1416,0,1192
1474,2165,0,691
1475,1712,0,698
1476,138,0,172
1477,47,0,51
1478,1275,0,1306
1479,1305,0,1239
1480,2222,0,795
1481,1709,0,723
1482,117,0,195
1483,52,0,62
1484,1397,0,1419
1485,1323,0,1240
1486,2382,0,639
1487,1838,0,672
1488,162,0,197
1489,82,0,63
1490,1342,0,1340
1491,1346,0,1274
1492,2337,0,790
1493,1790,0,816
1494,196,0,193
1495,99,0,57
1496,1683,0,1707
1497,1721,0,1382
1498,2787,0,885
1499,2082,0,925
1500,307,0,251
1501,129,0,67
1502,2434,0,1732
1503,2151,0,1442
1504,3407,0,876
1505,2747,0,968
1506,197,0,218
1507,94,0,63
1508,1786,0,1578
1509,1489,0,1170
1510,2167,0,932
1511,1812,0,983
1512,132,0,163
1513,50,0,54
1514,1579,0,1428
1515,1457,0,1213
1516,2156,0,713
1517,1641,0,760
1518,120,0,169
1519,67,0,65
1520,1411,0,1513
1521,1375,0,1306
1522,2292,0,720
1523,1763,0,847
1524,147,0,170
1525,66,0,62
1526,1470,0,1670
1527,1449,0,1370
1528,2554,0,748
1529,1960,0,753
1530,164,0,185
1531,55,0,53
1532,1544,0,1463
1533,1455,0,1336
1534,2489,0,797
1535,1983,0,757
1536,236,0,204
1537,99,0,70
1538,1893,0,1707
1539,1880,0,1496
1540,2913,0,900
1541,2208,0,834
1542,314,0,300
1543,158,0,85
1544,2407,0,2001
1545,2125,0,1695
1546,3575,0,924
1547,2883,0,936
1548,219,0,227
1549,61,0,72
1550,1886,0,1617
1551,1392,0,1128
1552,2040,0,827
1553,1717,0,980
1554,120,0,174
1555,48,0,67
1556,1515,0,1467
1557,1451,0,1315
1558,2182,0,676
1559,1731,0,701
1560,95,0,176
1561,48,0,54
1562,1231,0,1412
1563,1281,0,1300
1564,2217,0,721
1565,1646,0,726
1566,170,0,158
1567,79,0,44
1568,1436,0,1529
1569,1378,0,1377
1570,2503,0,842
1571,2031,0,837
1572,140,0,172
1573,82,0,56
1574,1465,0,1484
1575,1431,0,1311
1576,2455,0,762
1577,1839,0,754
1578,148,0,177
1579,67,0,53
1580,1741,0,1595
1581,1599,0,1405
1582,2532,0,668
1583,2021,0,544
1584,156,0,215
1585,61,0,41
1586,1483,0,1288
1587,1377,0,1039
1588,2500,0,589
1589,1964,0,536
1590,119,0,181
1591,48,0,52
1592,1740,0,1299
1593,1330,0,983
1594,1922,0,682
1595,1624,0,784
1596,144,0,166
1597,72,0,60
1598,1619,0,1440
1599,1477,0,1382
1600,2142,0,738
1601,1699,0,672
1602,90,0,177
1603,46,0,36
1604,1153,0,1160
1605,1122,0,1147
1606,1968,0,594
1607,1432,0,602
1608,149,0,156
1609,92,0,48
1610,1648,0,1530
1611,1511,0,1341
1612,2459,0,712
1613,1985,0,670
1614,131,0,200
1615,63,0,92
1616,1613,0,1615
1617,1552,0,1378
1618,2401,0,724
1619,1938,0,650
1620,211,0,240
1621,98,0,82
1622,1911,0,1690
1623,1837,0,1475
1624,2851,0,861
1625,2214,0,785
1626,341,0,213
1627,108,0,56
1628,2276,0,1733
1629,2105,0,1458
1630,3262,0,902
1631,2526,0,776
1632,199,0,209
1633,61,0,52
1634,1576,0,1341
1635,1356,0,1036
1636,2224,0,699
1637,1679,0,811
1638,144,0,179
1639,68,0,72
1640,1652,0,1520
1641,1501,0,1351
1642,2370,0,739
1643,1999,0,639
1644,158,0,127
1645,66,0,75
1646,1259,0,1405
1647,1228,0,1328
1648,2277,0,749
1649,1673,0,713
1650,79,0,129
1651,49,0,54
1652,1096,0,1287
1653,1105,0,1166
1654,1840,0,605
1655,1467,0,562
1656,117,0,140
1657,62,0,74
1658,1405,0,1380
1659,1433,0,1392
1660,2352,0,721
1661,1764,0,692
1662,214,0,151
1663,96,0,56
1664,1809,0,1407
1665,1658,0,1268
1666,2244,0,591
1667,1722,0,523
1668,284,0,237
1669,113,0,51
1670,2029,0,1485
1671,1709,0,1318
1672,3136,0,804
1673,2481,0,756
1674,43,0,85
1675,27,0,24
1676,744,0,618
1677,663,0,563
1678,1078,0,319
1679,868,0,335
1680,197,0,158
1681,71,0,70
1682,1860,0,1549
1683,1595,0,1399
1684,2486,0,799
1685,2006,0,793
1686,167,0,156
1687,99,0,56
1688,1970,0,1479
1689,1743,0,1435
1690,2653,0,787
1691,2226,0,615
1692,142,0,231
1693,70,0,60
1694,1734,0,1473
1695,1513,0,1381
1696,2462,0,760
1697,1937,0,693
1698,132,0,155
1699,71,0,62
1700,1911,0,1487
1701,1574,0,1349
1702,2502,0,705
1703,1983,0,572
1704,221,0,181
1705,83,0,59
1706,2425,0,1697
1707,2041,0,1488
1708,2998,0,811
1709,2477,0,592
1710,291,0,203
1711,105,0,56
1712,2095,0,1546
1713,1737,0,1313
1714,3201,0,808
1715,2444,0,725
1716,167,0,190
1717,42,0,68
1718,1711,0,1387
1719,1354,0,1017
1720,1872,0,816
1721,1502,0,943
1722,121,0,147
1723,53,0,56
1724,1555,0,1448
1725,1393,0,1409
1726,2129,0,658
1727,1702,0,538
1728,166,0,157
1729,82,0,58
1730,1926,0,1430
1731,1781,0,1303
1732,2354,0,491
1733,1816,0,328
1734,46,0,157
1735,30,0,36
1736,715,0,1092
1737,738,0,1056
1738,1188,0,409
1739,981,0,280
1740,124,0,216
1741,64,0,82
1742,1924,0,1421
1743,1831,0,1395
1744,2535,0,923
1745,1903,0,810
1746,175,0,183
1747,98,0,68
1748,2104,0,1662
1749,2079,0,1469
1750,3049,0,805
1751,2460,0,696
1752,332,0,285
1753,176,0,95
1754,2927,0,1875
1755,2458,0,1488
1756,3661,0,952
1757,3005,0,966
1758,194,0,221
1759,72,0,53
1760,2500,0,1544
1761,1915,0,1132
1762,2225,0,945
1763,1918,0,884
1764,105,0,148
1765,60,0,64
1766,1494,0,1547
1767,1427,0,1381
1768,2369,0,774
1769,1785,0,760
1770,51,0,160
1771,37,0,54
1772,1111,0,1216
1773,1048,0,1209
1774,1932,0,629
1775,1438,0,573
1776,39,0,96
1777,36,0,48
1778,503,0,826
1779,544,0,814
1780,1266,0,393
1781,878,0,332
1782,124,0,169
1783,55,0,98
1784,1706,0,1517
1785,1652,0,1401
1786,2518,0,760
1787,1953,0,676
1788,82,0,138
1789,72,0,43
1790,1532,0,1358
1791,1326,0,1349
1792,1982,0,725
1793,1580,0,645
1794,226,0,203
1795,104,0,59
1796,2222,0,1391
1797,1914,0,1335
1798,3036,0,661
1799,2266,0,644
1800,117,0,181
1801,61,0,52
1802,2217,0,1408
1803,1654,0,1067
1804,2151,0,793
1805,1899,0,828
1806,87,0,124
1807,68,0,54
1808,1670,0,1324
1809,1480,0,1245
1810,2272,0,686
1811,1752,0,647
1812,137,0,174
1813,72,0,64
1814,1810,0,1462
1815,1705,0,1366
1816,2749,0,718
1817,2078,0,842
1818,130,0,204
1819,89,0,88
1820,1986,0,1640
1821,1809,0,1561
1822,2835,0,912
1823,2373,0,859
1824,107,0,202
1825,53,0,65
1826,1556,0,1179
1827,1244,0,989
1828,1753,0,731
1829,1586,0,755
1830,184,0,184
1831,98,0,58
1832,2418,0,1351
1833,2047,0,1086
1834,2531,0,716
1835,2030,0,786
1836,242,0,206
1837,117,0,78
1838,2566,0,1501
1839,2218,0,1344
1840,3184,0,789
1841,2355,0,758
1842,151,0,181
1843,51,0,67
1844,2301,0,1365
1845,1826,0,1025
1846,1967,0,887
1847,1523,0,1008
1848,125,0,161
1849,70,0,70
1850,2139,0,1504
1851,1739,0,1405
1852,2528,0,871
1853,2010,0,881
1854,134,0,205
1855,74,0,65
1856,2052,0,1457
1857,1801,0,1370
1858,2465,0,879
1859,1877,0,813
1860,149,0,198
1861,76,0,73
1862,2048,0,1464
1863,1985,0,1470
1864,2501,0,972
1865,1811,0,823
1866,150,0,223
1867,80,0,66
1868,1957,0,1593
1869,1670,0,1517
1870,2500,0,986
1871,1840,0,888
1872,211,0,216
1873,85,0,69
1874,2467,0,1552
1875,2310,0,1522
1876,2915,0,1062
1877,2124,0,938
1878,320,0,260
1879,149,0,79
1880,3146,0,1790
1881,2806,0,1648
1882,3664,0,1165
1883,2954,0,1077
1884,144,0,254
1885,54,0,73
1886,2321,0,1227
1887,1920,0,1061
1888,1882,0,1098
1889,1430,0,1048
1890,139,0,166
1891,92,0,68
1892,1936,0,1302
1893,1851,0,1280
1894,2251,0,946
1895,1581,0,789
1896,125,0,133
1897,64,0,51
1898,1677,0,1486
1899,1540,0,1461
1900,2228,0,962
1901,1907,0,896
1902,96,0,160
1903,51,0,52
1904,1378,0,1480
1905,1317,0,1474
1906,2146,0,898
1907,1748,0,882
1908,129,0,158
1909,67,0,76
1910,1873,0,1497
1911,1850,0,1519
1912,2386,0,865
1913,1816,0,915
1914,126,0,168
1915,88,0,72
1916,1833,0,1405
1917,1894,0,1424
1918,2683,0,877
1919,1962,0,748
1920,216,0,215
1921,121,0,64
1922,2322,0,1530
1923,2517,0,1491
1924,3445,0,955
1925,2647,0,838
1926,112,0,233
1927,80,0,83
1928,2090,0,1444
1929,1746,0,1095
1930,2102,0,1033
1931,1779,0,1033
1932,84,0,107
1933,72,0,50
1934,1425,0,1390
1935,1456,0,1349
1936,2127,0,797
1937,1649,0,871
1938,99,0,114
1939,64,0,57
1940,1586,0,1620
1941,1638,0,1506
1942,2402,0,804
1943,1824,0,941
1944,86,0,126
1945,61,0,67
1946,1547,0,1700
1947,1665,0,1246
1948,2419,0,767
1949,1804,0,709
1950,113,0,144
1951,60,0,61
1952,1680,0,1386
1953,1692,0,1268
1954,2347,0,842
1955,1810,0,779
1956,114,0,194
1957,65,0,63
1958,1850,0,1448
1959,1784,0,1337
1960,2640,0,823
1961,2062,0,709
1962,249,0,205
1963,112,0,69
1964,2412,0,1544
1965,2231,0,1456
1966,3273,0,983
1967,2708,0,914
1968,117,0,169
1969,54,0,50
1970,1670,0,1218
1971,1338,0,994
1972,1958,0,824
1973,1562,0,980
1974,94,0,122
1975,67,0,61
1976,1813,0,1496
1977,1705,0,1429
1978,2570,0,852
1979,2048,0,896
1980,101,0,118
1981,51,0,50
1982,1464,0,1247
1983,1308,0,1240
1984,2044,0,676
1985,1586,0,583
1986,129,0,159
1987,63,0,84
1988,1706,0,1331
1989,1545,0,1300
1990,2376,0,833
1991,1981,0,819
1992,166,0,210
1993,83,0,112
1994,2234,0,1839
1995,1938,0,1705
1996,3074,0,1164
1997,2523,0,1098
1998,201,0,174
1999,107,0,57
2000,2240,0,1378
2001,2198,0,1323
2002,3271,0,934
2003,2391,0,893
2004,191,0,208
2005,98,0,70
2006,2152,0,1494
2007,1984,0,1472
2008,3402,0,1094
2009,2459,0,1030
2010,48,0,101
2011,32,0,41
2012,1080,0,865
2013,837,0,800
2014,1152,0,645
2015,943,0,679
2016,101,0,147
2017,48,0,52
2018,1575,0,960
2019,1199,0,927
2020,1802,0,696
2021,1459,0,728
2022,124,0,184
2023,92,0,56
2024,1763,0,1521
2025,1811,0,1280
2026,2960,0,979
2027,2110,0,953
2028,159,0,214
2029,90,0,77
2030,1774,0,1506
2031,1801,0,1343
2032,2856,0,1048
2033,2156,0,911
2034,121,0,202
2035,74,0,71
2036,1860,0,1607
2037,1848,0,1504
2038,2776,0,1119
2039,2198,0,1017
2040,143,0,231
2041,113,0,73
2042,2089,0,1776
2043,1841,0,1697
2044,3031,0,1066
2045,2511,0,1163
2046,194,0,195
2047,107,0,57
2048,2404,0,1587
2049,2228,0,1478
2050,3184,0,959
2051,2454,0,987
2052,106,0,305
2053,73,0,54
2054,1356,0,1314
2055,1431,0,1052
2056,1868,0,1203
2057,1587,0,1157
2058,97,0,183
2059,64,0,66
2060,1714,0,1392
2061,1665,0,1350
2062,2254,0,959
2063,1750,0,844
2064,116,0,171
2065,57,0,86
2066,1868,0,1424
2067,1663,0,1412
2068,2452,0,1079
2069,1846,0,951
2070,120,0,177
2071,84,0,74
2072,1864,0,1465
2073,1736,0,1430
2074,2451,0,1040
2075,1947,0,953
2076,94,0,160
2077,78,0,72
2078,1747,0,1474
2079,1594,0,1424
2080,2442,0,983
2081,1918,0,1095
2082,189,0,203
2083,111,0,59
2084,2102,0,1588
2085,2115,0,1560
2086,2973,0,1070
2087,2306,0,928
2088,174,0,176
2089,85,0,37
2090,2040,0,1277
2091,1958,0,1336
2092,3159,0,825
2093,2134,0,739
2094,110,0,151
2095,45,0,56
2096,1538,0,1132
2097,1345,0,949
2098,1831,0,692
2099,1573,0,701
2100,120,0,162
2101,52,0,46
2102,1763,0,1434
2103,1486,0,1243
2104,2315,0,858
2105,1775,0,995
2106,132,0,150
2107,81,0,55
2108,1903,0,1495
2109,1890,0,1466
2110,2771,0,1095
2111,2019,0,950
2112,128,451,194
2113,105,94,74
2114,1678,2288,1586
2115,1696,2603,1452
2116,2584,3380,942
2117,2060,3002,835
2118,151,454,220
2119,94,103,57
2120,2034,2894,1664
2121,1904,3348,1639
2122,2978,3471,1033
2123,2299,3423,966
2124,111,431,167
2125,84,116,67
2126,1757,2770,1490
2127,1777,3101,1434
2128,2853,3615,931
2129,2247,3270,867
2130,232,655,225
2131,136,170,67
2132,2453,3326,1709
2133,2455,3942,1515
2134,3812,4333,1041
2135,2804,3973,897
2136,151,538,331
2137,105,128,74
2138,1873,2010,1734
2139,1834,2519,1404
2140,2543,3872,1119
2141,2020,3745,1138
2142,63,336,120
2143,31,92,59
2144,1445,2163,1434
2145,1442,2445,1361
2146,2230,3095,828
2147,1600,2733,790
2148,81,418,172
2149,73,78,70
2150,1569,2440,1603
2151,1583,3027,1450
2152,2581,3250,941
2153,1939,3151,812
2154,106,472,177
2155,78,122,69
2156,1738,2624,1602
2157,1678,3006,1549
2158,2657,3574,880
2159,2095,3270,777
2160,135,468,193
2161,80,83,67
2162,1960,2748,1690
2163,1857,3180,1615
2164,2852,3348,809
2165,2125,3077,701
2166,148,527,246
2167,97,137,74
2168,1914,2888,1824
2169,1852,3493,1846
2170,3168,4014,967
2171,2480,3832,743
2172,191,659,303
2173,105,119,64
2174,1849,2814,1534
2175,2148,3482,1523
2176,3413,4151,954
2177,2433,3828,632
2178,144,441,274
2179,79,94,44
2180,2076,2021,1547
2181,1593,2226,1230
2182,2062,2509,941
2183,1860,2531,785
2184,82,399,167
2185,65,90,67
2186,1332,2389,1462
2187,1552,2734,1415
2188,2621,3265,779
2189,1777,3011,528
2190,79,264,113
2191,38,63,46
2192,1348,1990,1182
2193,1407,2213,1175
2194,2216,2672,657
2195,1519,2375,587
2196,128,466,169
2197,65,116,46
2198,1795,2759,1489
2199,1722,3202,1447
2200,2849,3373,966
2201,2124,3153,901
2202,137,467,187
2203,79,121,67
2204,1485,2776,1603
2205,1580,3143,1530
2206,2770,3425,900
2207,2194,3215,745
2208,154,553,168
2209,73,130,56
2210,1835,2765,1601
2211,1750,3163,1515
2212,2800,3814,945
2213,2209,3439,865
2214,246,603,213
2215,143,155,60
2216,2652,3182,1635
2217,2394,3656,1566
2218,3429,3703,974
2219,2728,3480,884
2220,131,309,224
2221,71,79,63
2222,2028,1944,1421
2223,1654,2150,1089
2224,2284,2539,920
2225,1800,2444,976
2226,93,374,188
2227,59,80,70
2228,1627,2278,1481
2229,1448,2625,1235
2230,2418,2929,789
2231,1870,2683,767
2232,147,477,182
2233,92,94,48
2234,1793,2523,1539
2235,1753,2912,1419
2236,2815,3631,923
2237,2156,3016,808
2238,137,475,166
2239,79,98,73
2240,1733,2568,1650
2241,1681,2922,1556
2242,2675,3494,869
2243,2179,3043,853
2244,113,493,183
2245,70,95,73
2246,1643,2730,1695
2247,1647,3033,1567
2248,2605,3693,954
2249,2110,3110,955
2250,164,795,255
2251,112,131,85
2252,1820,2799,1726
2253,1999,3463,1625
2254,3464,4139,1059
2255,2650,3633,869
2256,216,707,258
2257,115,166,55
2258,2032,2807,1546
2259,2138,3468,1442
2260,3417,4496,991
2261,2600,3821,763
2262,99,465,249
2263,56,103,51
2264,1462,1740,1307
2265,1535,2097,1123
2266,1986,3120,1112
2267,1719,3066,919
2268,93,375,159
2269,61,77,52
2270,1732,2299,1456
2271,1644,2596,1470
2272,2376,3043,872
2273,1842,2923,824
2274,144,429,206
2275,62,110,68
2276,1749,2604,1461
2277,1676,2810,1374
2278,2622,3447,860
2279,2094,3302,845
2280,120,503,275
2281,74,149,85
2282,1218,2503,1637
2283,1652,3159,1405
2284,2815,3856,1029
2285,1959,3689,726
2286,160,509,199
2287,95,93,58
2288,2146,2773,1531
2289,1840,3105,1492
2290,2991,3477,968
2291,2189,3385,944
2292,180,680,234
2293,113,155,81
2294,2082,3268,1930
2295,2116,3760,1749
2296,3404,4567,1124
2297,2714,4274,1043
2298,215,722,256
2299,160,109,60
2300,2077,2887,1824
2301,2224,3330,1472
2302,3449,4093,931
2303,2629,3930,952
2304,53,213,98
2305,36,48,26
2306,1112,1249,883
2307,1033,1329,629
2308,1429,1855,406
2309,1092,1838,502
2310,90,364,215
2311,59,106,59
2312,1146,1741,1381
2313,1348,2176,1143
2314,2242,3405,854
2315,1792,3290,795
2316,166,593,234
2317,78,143,69
2318,1907,2954,1791
2319,1842,3257,1489
2320,3115,4358,1018
2321,2472,4021,938
2322,113,505,195
2323,78,118,106
2324,1558,2658,1598
2325,1634,3079,1489
2326,2838,3513,937
2327,2186,3180,841
2328,98,516,195
2329,65,130,77
2330,1387,2451,1943
2331,1612,2965,1559
2332,2771,3908,832
2333,2123,3602,773
2334,134,582,178
2335,76,91,72
2336,1595,2841,1739
2337,1630,3179,1495
2338,2674,3601,963
2339,2221,3382,828
2340,231,837,207
2341,115,187,46
2342,2427,2954,1812
2343,2278,3337,1514
2344,3733,4011,999
2345,2806,3752,890
2346,87,400,209
2347,53,93,51
2348,1801,1934,1519
2349,1504,2292,1120
2350,2157,2475,881
2351,1758,2564,957
2352,145,453,192
2353,83,134,63
2354,1945,2590,1711
2355,1881,3017,1581
2356,2821,3579,954
2357,2146,3432,989
2358,99,555,201
2359,78,133,63
2360,1788,2576,1667
2361,1783,2906,1476
2362,2782,3922,866
2363,2170,3461,902
2364,144,527,216
2365,88,135,71
2366,1631,2655,1708
2367,1857,3280,1602
2368,2882,3869,965
2369,2266,3491,784
2370,141,560,213
2371,70,123,70
2372,1787,2947,2157
2373,1743,3368,1794
2374,2869,3772,1019
2375,2377,3605,974
2376,164,0,245
2377,108,0,77
2378,2332,4,3000
2379,2217,0,1884
2380,3072,4,1010
2381,2509,2,1068
2382,210,0,188
2383,148,0,50
2384,2438,0,2321
2385,2334,0,1532
2386,3699,0,871
2387,2895,0,841
2388,108,0,260
2389,76,0,62
2390,1682,0,1631
2391,1505,0,1165
2392,2042,0,884
2393,1762,0,934
2394,131,0,248
2395,69,0,91
2396,1234,0,1952
2397,1561,0,1688
2398,2806,0,902
2399,2059,0,675
2400,128,0,191
2401,68,0,62
2402,1812,0,1764
2403,1772,0,1589
2404,2677,0,932
2405,2107,0,890
2406,151,0,163
2407,71,0,78
2408,1804,0,1644
2409,1771,0,1631
2410,2682,0,922
2411,2224,0,942
2412,150,0,217
2413,89,0,87
2414,1963,0,1775
2415,1865,0,1649
2416,2948,0,923
2417,2394,0,1000
2418,137,0,172
2419,87,0,48
2420,1883,0,1651
2421,1931,0,1458
2422,2955,0,892
2423,2288,0,907
2424,174,0,153
2425,102,0,40
2426,1761,0,1592
2427,2090,0,1322
2428,3459,0,753
2429,2551,0,627
2430,108,0,220
2431,59,0,57
2432,1604,0,1318
2433,1427,0,1083
2434,2042,0,729
2435,1654,0,799
2436,141,0,223
2437,77,0,74
2438,1856,0,1684
2439,1742,0,1499
2440,2847,0,975
2441,2259,0,951
2442,103,0,180
2443,43,0,66
2444,1383,0,1527
2445,1502,0,1370
2446,2452,0,780
2447,1932,0,690
2448,142,0,204
2449,70,0,86
2450,1842,0,1720
2451,1851,0,1607
2452,2824,0,823
2453,2197,0,826
2454,137,0,201
2455,73,0,79
2456,1956,0,1877
2457,1868,0,1553
2458,2904,0,967
2459,2190,0,991
2460,177,0,208
2461,124,0,64
2462,2199,0,1891
2463,2182,0,1501
2464,3181,0,1051
2465,2463,0,1005
2466,213,0,245
2467,110,0,53
2468,2072,0,1781
2469,1927,0,1396
2470,3543,0,950
2471,2704,0,938
2472,139,0,212
2473,71,0,65
2474,1728,0,1516
2475,1525,0,1099
2476,2115,0,867
2477,1872,0,985
2478,139,0,225
2479,75,0,62
2480,1928,0,1846
2481,1803,0,1453
2482,2783,0,975
2483,2331,0,1027
2484,141,0,222
2485,67,0,71
2486,1865,0,1878
2487,1765,0,1554
2488,2816,0,1054
2489,2365,0,1061
2490,175,0,227
2491,67,0,75
2492,1820,0,1886
2493,1861,0,1442
2494,2823,0,1009
2495,2282,0,1053
2496,163,0,239
2497,74,0,85
2498,1790,0,1736
2499,1828,0,1508
2500,3033,0,1069
2501,2370,0,1062
2502,199,0,262
2503,111,0,65
2504,2321,0,2171
2505,2152,0,1676
2506,3343,0,1079
2507,2695,0,1039
2508,194,0,276
2509,107,0,67
2510,1971,0,1913
2511,2063,0,1589
2512,3439,0,948
2513,2629,0,956
2514,113,0,358
2515,58,0,72
2516,943,0,1910
2517,1293,0,1447
2518,2421,0,1063
2519,1792,0,897
2520,126,0,255
2521,68,0,77
2522,1750,0,2195
2523,1785,0,1697
2524,2972,0,1057
2525,2200,0,1103
2526,144,0,220
2527,94,0,54
2528,1905,0,1875
2529,1797,0,1614
2530,2927,0,964
2531,2306,0,972
2532,162,4,219
2533,87,1,72
2534,1961,14,1863
2535,1892,22,1591
2536,3055,271,993
2537,2337,1,958
2538,168,176,233
2539,95,150,65
2540,1966,3245,1850
2541,1881,3665,1550
2542,3093,753,1049
2543,2365,144,1014
2544,175,145,301
2545,93,154,70
2546,1897,3208,2108
2547,2050,3696,1741
2548,3430,613,1109
2549,2401,147,1038
2550,213,104,301
2551,108,134,63
2552,1877,2976,2117
2553,2020,3758,1568
2554,3454,656,1035
2555,2657,58,932
2556,114,120,327
2557,65,129,69
2558,1769,2198,2020
2559,1641,2899,1330
2560,2407,769,933
2561,1775,63,1173
2562,134,91,141
2563,84,174,76
2564,1778,2661,1928
2565,1592,3438,1842
2566,2800,188,968
2567,2298,154,1154
2568,115,49,45
2569,80,102,69
2570,1768,2608,1445
2571,1622,3051,1579
2572,2677,217,922
2573,2122,174,959
2574,90,69,49
2575,60,106,69
2576,2011,2925,1587
2577,1765,3359,1658
2578,2756,255,937
2579,2356,191,1062
2580,119,53,57
2581,94,133,73
2582,2157,2927,1414
2583,1741,3267,1609
2584,2673,452,1028
2585,2355,397,940
2586,163,92,50
2587,103,159,62
2588,2369,3138,1551
2589,2045,3691,1721
2590,3018,248,1207
2591,2626,241,1099
2592,140,58,31
2593,107,96,45
2594,2429,2924,1394
2595,1825,3573,1443
2596,3059,306,850
2597,2817,300,961
2598,81,56,39
2599,72,129,52
2600,1818,2040,1401
2601,1268,2592,1367
2602,2084,268,937
2603,1823,212,1161
2604,94,64,45
2605,68,84,54
2606,1950,2708,1540
2607,1644,2994,1582
2608,2581,235,943
2609,2202,167,983
2610,99,42,54
2611,85,107,71
2612,1886,2592,1488
2613,1703,3323,1632
2614,2745,244,943
2615,2229,174,1057
2616,122,58,48
2617,76,108,51
2618,2078,2850,1451
2619,1694,3458,1539
2620,2653,227,940
2621,2411,230,1083
2622,141,58,61
2623,95,77,65
2624,2286,3010,1640
2625,1932,3549,1646
2626,2826,273,1096
2627,2548,288,1106
2628,106,70,43
2629,99,110,52
2630,2361,3171,1656
2631,2114,3712,1693
2632,3147,338,1066
2633,2699,240,1072
2634,123,42,30
2635,101,69,39
2636,2031,2737,1222
2637,1688,3140,1249
2638,2787,202,663
2639,2394,153,790
2640,102,43,29
2641,52,57,42
2642,1898,1856,1218
2643,1476,2355,1162
2644,2006,200,907
2645,1781,160,1070
2646,60,33,33
2647,39,64,32
2648,1714,1795,1094
2649,1315,2251,983
2650,2043,118,696
2651,1784,61,822
2652,93,53,52
2653,85,86,52
2654,1793,2763,1598
2655,1577,3429,1731
2656,3021,219,963
2657,2556,159,1049
2658,116,40,62
2659,85,96,63
2660,2074,2736,1522
2661,1719,3381,1601
2662,2680,189,963
2663,2492,142,996
2664,124,50,57
2665,99,102,82
2666,2147,3043,1596
2667,1846,3584,1624
2668,2995,317,1065
2669,2561,197,1134
2670,146,65,47
2671,91,117,67
2672,2295,3223,1588
2673,1961,3734,1661
2674,2863,325,1045
2675,2676,255,1135
2676,175,61,43
2677,93,122,62
2678,2459,3053,1542
2679,2047,3648,1587
2680,3205,306,916
2681,2844,170,954
2682,93,42,55
2683,88,102,49
2684,1987,2168,1629
2685,1605,2639,1471
2686,2437,212,1118
2687,2015,130,1329
2688,98,68,45
2689,90,114,53
2690,1910,2677,1452
2691,1884,3252,1541
2692,2763,164,1066
2693,2205,117,1021
2694,150,60,48
2695,86,108,59
2696,1914,2857,1607
2697,1733,3384,1682
2698,2960,167,1110
2699,2460,130,1051
2700,139,52,69
2701,83,133,70
2702,1849,2987,1818
2703,1808,3739,1914
2704,3139,195,1053
2705,2473,98,1102
2706,149,48,71
2707,79,95,73
2708,1931,2909,1695
2709,1840,3743,1855
2710,3140,169,1025
2711,2453,95,1023
2712,167,77,40
2713,114,126,77
2714,2051,3051,1665
2715,1903,4042,1912
2716,3395,222,1118
2717,2744,113,1103
2718,164,94,51
2719,124,145,61
2720,2183,2884,1424
2721,1866,3719,1706
2722,3231,168,1056
2723,2739,94,1029
2724,78,58,63
2725,83,83,61
2726,2139,2137,1614
2727,1457,2500,1421
2728,2233,292,1043
2729,1996,145,1347
2730,107,33,47
2731,69,59,55
2732,1728,2381,1306
2733,1645,3033,1424
2734,2493,234,814
2735,2056,155,823
2736,128,53,46
2737,92,58,53
2738,2065,2719,1563
2739,1734,3310,1600
2740,2875,253,991
2741,2498,108,1108
2742,105,68,53
2743,75,96,54
2744,1882,2545,1355
2745,1687,2977,1467
2746,2660,387,819
2747,2283,260,996
2748,113,60,56
2749,86,74,64
2750,1968,2619,1530
2751,1772,2989,1609
2752,2782,2738,884
2753,2443,3172,1045
2754,125,91,45
2755,86,90,61
2756,2138,2763,1440
2757,1868,3481,1714
2758,3040,2979,1037
2759,2606,3241,1034
2760,154,62,41
2761,125,74,54
2762,2219,2622,1481
2763,1944,3435,1608
2764,3304,2668,918
2765,2821,2781,957
2766,93,59,42
2767,51,66,62
2768,2309,1845,1467
2769,1709,2245,1343
2770,2307,2427,1354
2771,1959,2548,1319
2772,121,76,48
2773,107,91,70
2774,2033,2471,1483
2775,1749,3062,1699
2776,2672,2829,1062
2777,2333,2992,1023
2778,95,72,42
2779,95,83,57
2780,2046,2674,1643
2781,1902,3105,1728
2782,2902,2852,1050
2783,2519,3152,1124
2784,142,81,41
2785,103,86,70
2786,2262,2621,1602
2787,1891,3370,1664
2788,2745,3001,1026
2789,2400,3217,1176
2790,140,86,37
2791,105,88,84
2792,2307,2757,1667
2793,1986,3328,1696
2794,2951,2941,1069
2795,2609,3196,1197
2796,129,72,45
2797,103,83,48
2798,2402,3038,1549
2799,1929,3655,1766
2800,3221,3154,1055
2801,2975,3316,1057
2802,198,83,45
2803,120,100,50
2804,2744,3041,1568
2805,2389,3552,1657
2806,3468,3270,1218
2807,2949,3509,1230
2808,104,70,38
2809,68,93,55
2810,2177,2050,1792
2811,1637,2397,1462
2812,2353,2593,1373
2813,2205,2729,1757
2814,122,86,51
2815,85,94,64
2816,2233,2620,1600
2817,1874,3162,1795
2818,2684,3029,1090
2819,2463,3113,1098
2820,123,87,43
2821,73,80,65
2822,2234,2565,1571
2823,2038,3098,1655
2824,2787,3024,1022
2825,2373,3223,1129
2826,106,77,66
2827,78,80,74
2828,2184,2230,1524
2829,1948,2751,1644
2830,2605,2665,1076
2831,2286,2915,1134
2832,104,86,53
2833,74,95,67
2834,2165,2467,1537
2835,1929,2981,1607
2836,2532,2859,1072
2837,2260,3050,1067
2838,116,81,45
2839,79,95,66
2840,2142,2770,1607
2841,1901,3323,1701
2842,2817,2908,1028
2843,2502,3092,1048
2844,93,43,26
2845,55,51,24
2846,1624,2138,1096
2847,1443,2626,1136
2848,2422,2342,674
2849,2231,2202,531
2850,106,66,47
2851,70,75,46
2852,2439,2104,1526
2853,1872,2492,1512
2854,2453,2519,1202
2855,2109,2776,1344
2856,84,71,31
2857,63,77,64
2858,1755,2230,1377
2859,1608,2597,1446
2860,2302,2354,899
2861,1879,2500,950
2862,78,65,30
2863,50,82,40
2864,1488,2057,1242
2865,1437,2458,1343
2866,2150,2360,801
2867,1685,2410,867
2868,73,77,37
2869,60,80,60
2870,1722,2252,1347
2871,1689,2748,1455
2872,2488,2643,905
2873,1996,2678,859
2874,91,50,46
2875,83,63,50
2876,1733,2299,1365
2877,1620,2853,1388
2878,2375,2733,860
2879,1994,2906,998
2880,106,57,51
2881,63,95,59
2882,1882,2614,1550
2883,1772,3189,1625
2884,2807,2961,969
2885,2436,3023,1084
2886,178,112,38
2887,123,135,53
2888,2778,2858,1657
2889,2382,3683,1623
2890,3606,3575,1192
2891,3077,3597,1191
2892,49,58,18
2893,35,54,27
2894,1401,1439,876
2895,1067,1574,796
2896,1651,1489,565
2897,1453,1663,532
2898,79,59,45
2899,58,81,42
2900,1664,2240,1389
2901,1512,2677,1478
2902,2213,2521,821
2903,1876,2708,918
2904,124,57,56
2905,80,84,69
2906,1791,2261,1393
2907,1625,2670,1487
2908,2435,2629,910
2909,2171,2774,981
2910,111,62,56
2911,80,73,54
2912,1916,2468,1386
2913,1619,2863,1536
2914,2516,2854,910
2915,2159,3027,982
2916,96,64,49
2917,90,90,93
2918,1787,2441,1613
2919,1719,2877,1567
2920,2532,2690,944
2921,2006,2853,975
2922,118,92,65
2923,78,89,59
2924,2221,2718,1563
2925,1957,3249,1667
2926,2847,3037,1156
2927,2379,3225,1251
2928,154,99,37
2929,123,89,52
2930,2666,3063,1560
2931,2100,3399,1597
2932,3199,3023,1165
2933,2831,3288,1182
2934,99,54,57
2935,62,70,54
2936,2172,1939,1419
2937,1641,2315,1418
2938,2267,2204,1214
2939,1867,2508,1251
2940,78,72,55
2941,66,78,69
2942,1662,2159,1372
2943,1482,2489,1508
2944,2281,2434,936
2945,1974,2562,935
2946,115,82,45
2947,72,99,42
2948,1709,2307,1386
2949,1580,2627,1445
2950,2434,2553,915
2951,2070,2766,968
2952,149,60,52
2953,111,88,67
2954,1822,2491,1569
2955,1740,2887,1679
2956,2541,2767,988
2957,2082,2983,1031
2958,63,82,29
2959,55,77,47
2960,1272,1979,1207
2961,1253,2132,1172
2962,2067,2067,695
2963,1472,2339,717
2964,113,83,45
2965,86,90,72
2966,2144,2641,1456
2967,1933,3161,1726
2968,2823,2950,1091
2969,2242,3268,1037
2970,151,113,38
2971,110,111,63
2972,2751,3035,1687
2973,2258,3766,1806
2974,3575,3386,1230
2975,2863,3428,1310
2976,79,81,45
2977,45,78,48
2978,2039,1970,1507
2979,1567,2323,1343
2980,2272,2399,973
2981,1949,2690,1177
2982,81,88,46
2983,52,71,64
2984,1742,2265,1441
2985,1520,2675,1610
2986,2326,2511,899
2987,1910,2699,917
2988,89,55,39
2989,71,87,47
2990,1626,2318,1307
2991,1460,2571,1405
2992,2355,2571,835
2993,2005,2710,950
2994,80,73,40
2995,61,87,59
2996,1801,2306,1363
2997,1604,2758,1647
2998,2478,2540,954
2999,2088,2886,917
3000,88,82,64
3001,77,97,70
3002,1872,2459,1442
3003,1724,2978,1591
3004,2702,2619,907
3005,2057,2972,940
3006,87,57,52
3007,77,87,39
3008,1878,2419,1343
3009,1664,2863,1551
3010,2721,2715,891
3011,2207,2855,950
3012,156,86,46
3013,118,85,55
3014,2672,2921,1556
3015,2066,3658,1641
3016,3386,3051,990
3017,2883,3210,1001
3018,80,71,34
3019,69,91,47
3020,2281,2051,1491
3021,1419,2294,1219
3022,2077,2232,1020
3023,1852,2571,1153
3024,78,65,57
3025,63,96,55
3026,1726,2406,1434
3027,1557,2762,1522
3028,2386,2506,896
3029,2053,2718,976
3030,90,48,31
3031,54,69,42
3032,1557,2215,1286
3033,1488,2598,1418
3034,2290,2598,863
3035,1835,2725,912
3036,81,62,41
3037,56,67,52
3038,1772,2209,1336
3039,1560,2642,1494
3040,2325,2470,928
3041,1947,2640,896
3042,128,57,46
3043,73,77,53
3044,1788,2573,1504
3045,1659,2962,1639
3046,2491,2602,906
3047,2042,2810,971
3048,91,85,33
3049,76,86,67
3050,2116,2708,1532
3051,1912,3291,1639
3052,2862,2849,976
3053,2332,3158,1088
3054,171,76,37
3055,120,112,64
3056,2874,3112,1635
3057,2259,3638,1678
3058,3581,3327,1073
3059,2940,3241,1056
3060,38,28,14
3061,45,34,29
3062,1419,1472,1009
3063,1138,1613,868
3064,1713,1491,573
3065,1337,1735,726
3066,81,57,41
3067,78,72,62
3068,1859,2315,1493
3069,1725,2664,1629
3070,2470,2601,982
3071,1888,2866,992
3072,80,57,44
3073,64,77,60
3074,1705,2392,1395
3075,1626,2674,1475
3076,2497,2515,866
3077,1989,2619,975
3078,110,69,35
3079,65,102,56
3080,1753,2545,1478
3081,1737,2966,1581
3082,2658,2654,964
3083,2067,2892,976
3084,96,80,39
3085,69,103,68
3086,1881,2434,1461
3087,1783,2759,1580
3088,2690,2563,927
3089,1993,2881,886
3090,101,81,46
3091,66,86,81
3092,2257,2765,1573
3093,1876,3098,1722
3094,2927,2900,1031
3095,2485,3229,1066
3096,158,69,30
3097,95,78,45
3098,2604,2989,1477
3099,2093,3663,1576
3100,3438,2953,896
3101,2868,3086,934
3102,81,67,35
3103,62,53,30
3104,1865,1758,1301
3105,1321,1989,1121
3106,2010,1789,717
3107,1663,2097,946
3108,77,88,44
3109,47,80,71
3110,1817,2138,1376
3111,1676,2459,1430
3112,2258,2240,936
3113,1815,2397,895
3114,82,60,42
3115,72,67,55
3116,1694,2320,1384
3117,1701,2674,1453
3118,2542,2658,975
3119,2093,2798,987
3120,41,57,23
3121,31,60,29
3122,1003,1458,936
3123,1009,1714,1012
3124,1513,1646,509
3125,1215,1765,502
3126,91,50,41
3127,69,81,55
3128,2099,2593,1465
3129,1748,3007,1601
3130,2627,2712,933
3131,2248,3023,952
3132,87,36,31
3133,60,68,37
3134,1809,2414,1271
3135,1648,2771,1385
3136,2528,2599,825
3137,2071,2817,778
3138,195,86,40
3139,109,110,53
3140,2826,3152,1637
3141,2389,3875,1756
3142,3789,3303,1027
3143,3067,3434,1017
3144,91,36,25
3145,47,61,37
3146,2030,1834,1407
3147,1505,2169,1230
3148,2248,1940,808
3149,2010,2144,837
3150,101,69,50
3151,57,74,66
3152,1740,2589,1453
3153,1653,2776,1562
3154,2610,2494,949
3155,2076,2798,927
3156,106,57,39
3157,57,100,43
3158,1638,2155,1281
3159,1563,2558,1366
3160,2356,2489,764
3161,1784,2564,859
3162,142,89,45
3163,76,82,53
3164,2110,2498,1451
3165,1865,2944,1560
3166,2735,2685,944
3167,2285,2904,941
3168,107,53,48
3169,79,76,61
3170,1928,2544,1498
3171,1710,3048,1553
3172,2731,2681,865
3173,2186,2881,885
3174,122,89,35
3175,75,109,73
3176,2371,2958,1642
3177,2011,3497,1712
3178,3122,3149,1140
3179,2596,3382,1097
3180,150,78,26
3181,71,72,40
3182,2281,2504,1241
3183,1930,2956,1254
3184,3110,2646,779
3185,2694,2745,723
3186,93,78,28
3187,65,96,53
3188,2346,2130,1485
3189,1887,2518,1264
3190,2591,2488,915
3191,2187,2612,1127
3192,63,76,12
3193,41,42,30
3194,1617,1557,1079
3195,1230,1831,1037
3196,2192,1833,599
3197,1786,1871,588
3198,151,76,40
3199,84,85,49
3200,2014,2471,1392
3201,1818,3100,1554
3202,2817,2817,890
3203,2265,3036,991
3204,56,55,33
3205,68,84,60
3206,1403,2144,1245
3207,1392,2474,1322
3208,2304,2172,695
3209,1812,2433,686
3210,109,84,38
3211,70,77,27
3212,2205,2778,1484
3213,1890,3252,1656
3214,2939,2933,1010
3215,2294,3123,1031
3216,142,80,45
3217,104,92,69
3218,2415,2907,1622
3219,2134,3493,1709
3220,3167,3272,1083
3221,2625,3525,1195
3222,236,88,47
3223,106,147,58
3224,2674,2994,1496
3225,2325,3564,1656
3226,3475,3045,1018
3227,2785,3307,990
3228,114,62,37
3229,73,53,54
3230,2170,1931,1472
3231,1665,2193,1311
3232,2227,2228,970
3233,1857,2575,1058
3234,69,43,34
3235,47,56,47
3236,1424,2018,1191
3237,1330,2221,1200
3238,2060,2245,662
3239,1654,2404,722
3240,82,61,44
3241,53,86,55
3242,1823,2381,1435
3243,1655,2723,1467
3244,2511,2529,924
3245,2042,2781,956
3246,89,70,35
3247,84,99,56
3248,1808,2415,1411
3249,1766,2751,1416
3250,2520,2640,905
3251,1985,2810,898
3252,116,61,39
3253,57,75,53
3254,1748,2411,1502
3255,1747,2821,1552
3256,2588,2597,926
3257,2042,2836,958
3258,125,86,47
3259,111,100,54
3260,2354,2784,1535
3261,2103,3390,1759
3262,2985,3077,1204
3263,2547,3238,1163
3264,176,72,34
3265,107,96,47
3266,2621,3133,1636
3267,2260,3620,1635
3268,3526,3050,1022
3269,2804,3158,984
3270,126,48,31
3271,67,69,39
3272,2173,1976,1506
3273,1798,2265,1276
3274,2333,2086,907
3275,1907,2335,1077
3276,103,55,35
3277,73,85,45
3278,1803,2311,1399
3279,1703,2765,1453
3280,2526,2720,889
3281,2014,2781,916
3282,86,52,30
3283,79,83,50
3284,1763,2345,1323
3285,1717,2727,1482
3286,2300,2657,862
3287,1883,2958,913
3288,105,68,38
3289,74,100,58
3290,1955,2547,1387
3291,1914,3012,1519
3292,2706,2742,867
3293,2211,2952,882
3294,110,66,46
3295,89,88,62
3296,1824,2565,1417
3297,1791,2921,1482
3298,2630,2717,879
3299,2087,2893,973
3300,143,89,45
3301,104,94,56
3302,2231,3032,1592
3303,2149,3503,1756
3304,3102,3002,996
3305,2493,3320,1143
3306,174,83,18
3307,132,88,47
3308,2499,3025,1456
3309,2264,3597,1648
3310,3553,3155,894
3311,2763,3082,906
3312,94,55,29
3313,69,53,33
3314,2308,2006,1497
3315,1651,2239,1286
3316,2309,2112,933
3317,2036,2474,968
3318,62,49,32
3319,41,59,42
3320,1337,1867,1163
3321,1254,2132,1173
3322,1891,1823,649
3323,1549,2012,663
3324,96,60,33
3325,74,75,64
3326,1794,2499,1420
3327,1709,2834,1483
3328,2533,2574,883
3329,2020,2766,931
3330,159,59,83
3331,97,76,90
3332,1771,2559,1435
3333,1746,2897,1595
3334,2550,2581,870
3335,2033,2846,907
3336,163,44,39
3337,117,69,60
3338,1718,2308,1301
3339,1624,2787,1365
3340,2483,2363,769
3341,1927,2630,797
3342,334,94,41
3343,312,107,59
3344,2477,2980,1697
3345,2304,3462,1797
3346,3293,3233,1017
3347,2507,3517,1006
3348,324,52,17
3349,185,55,35
3350,2294,2762,1369
3351,2090,3301,1453
3352,3171,2759,653
3353,2465,2843,691
3354,166,56,36
3355,97,95,43
3356,2510,2181,1440
3357,2001,2563,1359
3358,2633,2316,823
3359,2064,2672,1093
3360,189,57,30
3361,144,155,45
3362,1888,2413,1406
3363,1630,2821,1541
3364,2514,2661,836
3365,1686,2839,894
3366,334,69,25
3367,198,90,62
3368,1979,2423,1457
3369,1618,2888,1525
3370,2494,2746,873
3371,1653,2896,936
3372,267,65,37
3373,169,70,53
3374,1999,2681,1475
3375,1756,3069,1664
3376,2688,2794,940
3377,1920,2912,907
3378,291,75,36
3379,174,96,49
3380,2259,2696,1570
3381,1909,3315,1661
3382,2986,3047,975
3383,2112,3322,984
3384,302,88,37
3385,163,110,55
3386,2528,3116,1661
3387,1987,3690,1798
3388,3002,3255,1046
3389,2312,3455,1035
3390,309,120,25
3391,188,124,41
3392,2683,3149,1624
3393,2128,3875,1657
3394,3620,3300,890
3395,2464,3345,969
3396,80,52,16
3397,45,53,27
3398,1732,1599,995
3399,1360,2036,997
3400,1932,2118,590
3401,1259,2134,591
3402,153,52,24
3403,102,60,34
3404,1608,2044,1182
3405,1467,2383,1322
3406,2258,2394,621
3407,1491,2501,679
3408,192,59,39
3409,144,63,62
3410,1839,2369,1395
3411,1709,2876,1532
3412,2658,2791,876
3413,1616,2962,914
3414,240,95,41
3415,142,81,44
3416,2068,2965,1573
3417,1863,3503,1651
3418,3070,3053,945
3419,2144,3257,1011
3420,147,89,48
3421,94,107,61
3422,2026,2783,1583
3423,1904,3270,1591
3424,2889,3015,918
3425,2052,3257,1014
3426,198,74,25
3427,148,95,35
3428,2078,2688,1555
3429,1989,3146,1492
3430,2870,2774,791
3431,2246,3003,828
3432,258,77,18
3433,187,77,27
3434,2482,2935,1538
3435,2256,3548,1591
3436,3551,3124,811
3437,2611,3285,920
3438,84,56,37
3439,76,58,27
3440,1963,2105,1325
3441,1626,2396,1195
3442,2577,2341,752
3443,1908,2518,775
3444,228,47,32
3445,175,82,31
3446,1613,2209,1247
3447,1719,2635,1428
3448,2348,2299,687
3449,1532,2527,658
3450,227,57,27
3451,145,92,46
3452,1873,2564,1442
3453,1991,3150,1554
3454,2792,2847,912
3455,1934,3017,990
3456,100,76,28
3457,76,126,51
3458,2086,3003,1511
3459,2193,3506,1673
3460,2985,3157,1019
3461,2126,3255,937
3462,130,49,36
3463,73,80,59
3464,1960,2699,1466
3465,2126,3266,1636
3466,3055,3020,1006
3467,2064,3163,1046
3468,144,97,24
3469,82,97,45
3470,2367,3099,1586
3471,2295,3764,1738
3472,3450,3355,1088
3473,2558,3518,1008
3474,197,73,43
3475,127,102,56
3476,2950,3815,1844
3477,2623,4533,1886
3478,4431,3672,1017
3479,3324,3870,1067
3480,81,42,22
3481,50,54,22
3482,1690,1910,996
3483,1458,1987,874
3484,1702,2043,501
3485,1557,2074,425
3486,124,62,33
3487,106,74,44
3488,2058,3025,1467
3489,2045,3434,1581
3490,3289,3070,824
3491,2442,3386,795
3492,155,81,28
3493,91,107,55
3494,2367,3374,1672
3495,2370,4000,1833
3496,3571,3571,1039
3497,2771,3749,1011
3498,178,104,43
3499,133,149,51
3500,2631,3668,1843
3501,2393,4411,2015
3502,3956,3779,1038
3503,3218,4002,1023
3504,211,109,48
3505,165,108,56
3506,2781,4016,2010
3507,2795,4780,2099
3508,4664,4074,1042
3509,3547,4448,1055
3510,225,86,24
3511,179,139,39
3512,2900,4026,1618
3513,2798,4718,1800
3514,4643,4068,951
3515,3583,4294,813
3516,170,125,20
3517,100,105,35
3518,2011,2992,1280
3519,1944,3599,1340
3520,3569,3230,671
3521,2692,3272,673
3522,6,23,20
3523,5,19,22
3524,316,314,384
3525,197,395,431
3526,205,325,200
3527,176,416,230
3528,32,41,28
3529,23,46,28
3530,1167,1141,898
3531,919,1309,862
3532,1229,1169,560
3533,1041,1310,623
3534,58,47,27
3535,47,61,35
3536,1603,1826,1117
3537,1379,2141,1074
3538,2097,2068,601
3539,1661,2102,567
3540,99,58,17
3541,61,73,29
3542,1970,2270,1292
3543,1640,2600,1304
3544,2718,2660,738
3545,2226,2842,767
3546,90,63,37
3547,73,67,32
3548,1824,2467,1255
3549,1685,2973,1382
3550,2932,2554,785
3551,2381,2679,774
3552,110,66,18
3553,86,54,29
3554,1899,2490,1430
3555,1781,2948,1396
3556,2912,2502,756
3557,2311,2770,825
3558,125,107,24
3559,86,98,43
3560,1915,2435,1347
3561,1787,2742,1386
3562,2919,2529,738
3563,2203,2693,746
3564,47,61,35
3565,30,45,29
3566,1256,1219,1026
3567,926,1270,905
3568,1400,1388,658
3569,1075,1550,732
3570,81,65,30
3571,67,50,48
3572,2046,1826,1432
3573,1615,2279,1265
3574,2431,2361,810
3575,1767,2500,902
3576,110,64,25
3577,74,82,46
3578,1745,2651,1501
3579,1720,3064,1597
3580,2972,2556,778
3581,2354,2894,841
3582,85,69,30
3583,66,82,49
3584,1893,2666,1441
3585,1687,3165,1530
3586,2757,2446,885
3587,2298,2705,943
3588,78,69,33
3589,52,85,45
3590,1649,2375,1442
3591,1633,2719,1536
3592,2608,2461,820
3593,1960,2651,905
3594,126,68,33
3595,101,89,37
3596,1852,2798,1490
3597,1778,3106,1578
3598,2760,2628,906
3599,2219,3071,954
3600,139,71,26
3601,109,67,46
3602,2476,2937,1599
3603,2035,3535,1680
3604,3370,2751,933
3605,2729,2895,989
3606,109,54,38
3607,52,79,29
3608,1882,1781,1452
3609,1439,2053,1215
3610,2133,1963,880
3611,1845,2240,1026
3612,75,72,34
3613,55,105,52
3614,1505,2102,1402
3615,1708,2527,1454
3616,2280,2333,863
3617,1647,2411,914
3618,82,41,28
3619,56,72,42
3620,1444,1925,1206
3621,1666,2206,1301
3622,2120,2118,748
3623,1573,2239,728
3624,53,50,37
3625,56,88,58
3626,1433,2019,1214
3627,1719,2315,1363
3628,2222,2170,752
3629,1527,2345,756
3630,90,54,28
3631,65,75,61
3632,1460,1977,1360
3633,1694,2454,1453
3634,2289,2048,759
3635,1484,2284,810
3636,93,73,35
3637,101,87,46
3638,1952,2501,1540
3639,2151,3008,1650
3640,2785,2650,897
3641,1875,2874,895
3642,82,62,32
3643,93,75,48
3644,2106,2839,1476
3645,2298,3377,1580
3646,3190,2511,829
3647,2078,2740,865
3648,69,53,28
3649,59,52,41
3650,1814,1653,1347
3651,1785,2050,1304
3652,2050,2083,857
3653,1298,2192,870
3654,83,51,46
3655,65,66,52
3656,1653,2176,1423
3657,1954,2492,1538
3658,2355,2390,931
3659,1522,2551,907
3660,73,80,28
3661,52,87,62
3662,1575,2038,1374
3663,1874,2513,1435
3664,2285,2253,917
3665,1446,2438,982
3666,83,42,34
3667,51,65,41
3668,1594,2091,1436
3669,1890,2480,1526
3670,2390,2364,884
3671,1573,2401,866
3672,75,55,43
3673,56,71,54
3674,1730,2228,1542
3675,2029,2633,1590
3676,2616,2405,863
3677,1596,2616,957
3678,93,58,33
3679,66,92,41
3680,2055,2611,1481
3681,2265,3172,1610
3682,2946,2977,1092
3683,1809,2956,984
3684,102,58,16
3685,71,80,31
3686,2317,2907,1490
3687,2329,3371,1735
3688,3272,2821,934
3689,2307,2864,912
3690,100,47,29
3691,56,36,35
3692,1752,1877,1263
3693,1724,2168,1173
3694,2202,1970,871
3695,1305,2053,830
3696,89,52,40
3697,53,73,55
3698,1663,2145,1392
3699,1867,2486,1459
3700,2377,2438,909
3701,1441,2591,895
3702,70,46,37
3703,89,55,47
3704,1876,2224,1368
3705,2020,2677,1456
3706,2469,2578,968
3707,1545,2682,936
3708,88,58,40
3709,74,84,52
3710,1826,2250,1343
3711,2086,2658,1508
3712,2462,2521,914
3713,1516,2722,882
3714,108,49,37
3715,80,96,48
3716,1780,2334,1450
3717,2058,2822,1651
3718,2523,2507,980
3719,1528,2708,1001
3720,137,76,45
3721,95,71,49
3722,2054,2668,1661
3723,2277,3348,1768
3724,3080,2885,1009
3725,1911,3045,1106
3726,142,78,25
3727,109,84,60
3728,2203,2938,1631
3729,2407,3563,1718
3730,3438,3196,895
3731,2232,3194,912
3732,82,51,25
3733,67,77,41
3734,2035,1803,1373
3735,1958,2298,1328
3736,2221,2113,860
3737,1436,2222,1012
3738,79,56,38
3739,89,90,65
3740,1641,2226,1546
3741,1999,2595,1538
3742,2418,2511,885
3743,1514,2536,914
3744,96,51,34
3745,72,62,68
3746,1711,2201,1383
3747,1993,2691,1564
3748,2392,2491,986
3749,1582,2541,991
3750,87,62,38
3751,88,85,56
3752,1835,2281,1517
3753,2086,2800,1605
3754,2518,2519,1046
3755,1621,2641,1055
3756,100,78,41
3757,96,70,50
3758,1777,2293,1436
3759,2042,2843,1636
3760,2555,2591,873
3761,1606,2679,956
3762,143,100,38
3763,100,89,44
3764,2207,2821,1618
3765,2338,3364,1734
3766,3083,3119,1038
3767,2293,3231,1051
3768,158,64,48
3769,114,81,43
3770,2204,2747,1490
3771,2035,3332,1599
3772,3289,2776,888
3773,2725,2863,911
3774,118,108,51
3775,84,75,62
3776,2335,2027,1650
3777,1982,2529,1480
3778,2585,2576,1061
3779,2015,2638,1247
3780,77,77,39
3781,58,65,46
3782,2155,1958,1419
3783,1787,2403,1365
3784,2536,2373,957
3785,1874,2473,1010
3786,93,68,56
3787,73,72,91
3788,1822,2256,1417
3789,1840,2782,1552
3790,2582,2674,911
3791,1887,2883,957
3792,94,51,41
3793,70,43,52
3794,1791,1268,1486
3795,1787,1439,1644
3796,2544,1525,900
3797,2024,1600,914
3798,105,120,30
3799,60,123,50
3800,1859,2380,1487
3801,1810,2659,1633
3802,2658,2739,989
3803,2073,3126,1065
3804,123,89,30
3805,76,98,56
3806,2001,2743,1633
3807,1987,3427,1779
3808,3096,2951,1067
3809,2488,3052,972
3810,142,96,31
3811,123,108,48
3812,2199,2828,1494
3813,2120,3488,1659
3814,3331,2875,865
3815,2651,2836,897
3816,115,62,37
3817,59,70,34
3818,2080,2045,1522
3819,1716,2335,1391
3820,2536,2200,889
3821,1893,2464,1152
3822,116,101,52
3823,73,110,49
3824,2036,2845,1551
3825,1881,3508,1619
3826,2998,2851,929
3827,2312,2981,1012
3828,115,84,32
3829,65,93,54
3830,2290,2812,1592
3831,2117,3282,1691
3832,3159,2849,1025
3833,2621,3169,997
3834,106,64,33
3835,50,76,51
3836,1991,2475,1391
3837,1830,2972,1554
3838,2675,2681,925
3839,2105,2807,949
3840,118,65,59
3841,78,127,62
3842,2092,2748,1691
3843,2020,3461,1830
3844,2972,3001,1032
3845,2528,3140,1053
3846,152,88,35
3847,106,98,60
3848,2278,2863,1609
3849,2176,3577,1755
3850,3375,3155,1022
3851,2692,3292,1075
3852,117,88,47
3853,105,76,49
3854,2330,2909,1579
3855,2279,3507,1820
3856,3620,3021,1081
3857,2565,3028,1062
3858,124,65,27
3859,66,68,45
3860,2018,1938,1542
3861,1883,2418,1411
3862,2457,2308,1131
3863,1857,2549,1161
3864,103,72,46
3865,82,68,75
3866,1556,2041,1550
3867,1670,2605,1551
3868,2592,2438,965
3869,1923,2645,975
3870,90,64,40
3871,52,88,69
3872,1748,2076,1466
3873,1821,2515,1507
3874,2517,2577,996
3875,1950,2618,965
3876,83,62,30
3877,65,57,70
3878,1634,2242,1550
3879,1765,2796,1706
3880,2584,2593,951
3881,1944,2702,978
3882,87,60,55
3883,73,85,58
3884,1860,2236,1498
3885,1860,2707,1631
3886,2620,2636,936
3887,1915,2885,1011
3888,107,88,33
3889,87,97,55
3890,2141,2618,1604
3891,2044,3232,1798
3892,2853,2913,961
3893,2388,3057,1054
3894,158,105,30
3895,101,86,63
3896,2397,2824,1561
3897,2241,3509,1674
3898,3338,2930,933
3899,2736,3147,1097
3900,107,54,32
3901,65,66,55
3902,1830,1775,1402
3903,1747,2165,1254
3904,2320,2186,1029
3905,1762,2304,1030
3906,80,78,40
3907,53,80,48
3908,1575,2022,1386
3909,1648,2541,1497
3910,2446,2383,808
3911,1837,2585,816
3912,85,58,25
3913,51,93,54
3914,1729,2193,1326
3915,1810,2593,1549
3916,2473,2535,913
3917,1936,2666,895
3918,109,85,36
3919,60,126,52
3920,1774,2510,1504
3921,1904,2872,1644
3922,2699,2747,916
3923,2147,2892,952
3924,102,56,59
3925,116,63,56
3926,1920,2343,1544
3927,1788,2727,1637
3928,2703,2613,879
3929,2513,2886,961
3930,109,85,28
3931,70,91,41
3932,1879,2737,1516
3933,1929,3244,1717
3934,3020,2990,1011
3935,2404,3154,993
3936,166,89,33
3937,141,79,57
3938,2201,2999,1610
3939,2217,3637,1780
3940,3585,3016,904
3941,2911,3127,984
3942,133,57,36
3943,63,61,56
3944,2066,1844,1476
3945,1806,2124,1285
3946,2410,2223,951
3947,1973,2539,1143
3948,69,44,26
3949,44,74,36
3950,1217,1824,1240
3951,1399,2232,1378
3952,2140,2174,679
3953,1654,2256,766
3954,92,78,38
3955,69,80,60
3956,1972,2199,1450
3957,1952,2665,1588
3958,2527,2705,1061
3959,1896,2905,1183
3960,81,75,36
3961,55,69,75
3962,1663,2224,1448
3963,1718,2675,1596
3964,2404,2437,869
3965,1908,2706,968
3966,44,47,26
3967,33,51,38
3968,1044,1343,893
3969,1176,1679,1054
3970,1547,1654,500
3971,1171,1935,504
3972,112,73,28
3973,80,105,53
3974,2013,2592,1442
3975,2079,3153,1547
3976,3002,2862,1039
3977,2345,3275,1028
3978,80,44,23
3979,62,52,25
3980,1629,1945,1074
3981,1528,2264,1153
3982,2430,2206,560
3983,1953,2197,517
3984,85,52,39
3985,62,55,43
3986,1908,2021,1433
3987,1654,2436,1313
3988,2348,2177,982
3989,1881,2368,1024
3990,69,55,40
3991,56,66,35
3992,1464,2021,1221
3993,1514,2319,1379
3994,2224,2182,789
3995,1813,2361,807
3996,83,61,41
3997,58,65,52
3998,1729,2334,1379
3999,1786,2700,1457
4000,2528,2521,895
4001,1985,2794,888
4002,71,53,33
4003,48,77,39
4004,1512,2240,1259
4005,1635,2691,1363
4006,2506,2405,758
4007,1952,2581,776
4008,161,91,39
4009,117,124,76
4010,2292,3079,1702
4011,2319,3862,1848
4012,3395,3257,1167
4013,2674,3677,1148
4014,79,71,36
4015,69,79,32
4016,1856,1748,1216
4017,1607,2185,1164
4018,2182,2263,872
4019,1720,2240,846
4020,120,95,30
4021,96,104,47
4022,2080,2833,1379
4023,2071,3418,1486
4024,3183,2747,790
4025,2482,2863,850
4026,74,68,19
4027,53,52,36
4028,1723,1809,1280
4029,1502,1973,1134
4030,1957,1865,876
4031,1614,2291,954
4032,91,72,55
4033,82,82,52
4034,1817,2287,1459
4035,1767,2763,1679
4036,2571,2527,865
4037,2062,2733,880
4038,108,43,33
4039,54,61,48
4040,1623,1751,1376
4041,1450,1985,1541
4042,2396,1865,854
4043,1510,2023,886
4044,92,79,42
4045,76,97,69
4046,1877,2349,1540
4047,1651,2895,1699
4048,2628,2745,1054
4049,1685,2861,976
4050,196,87,59
4051,113,95,61
4052,1968,2707,1562
4053,1745,3197,1760
4054,2621,2823,1009
4055,1654,2987,1053
4056,106,76,35
4057,70,90,59
4058,1954,2716,1578
4059,1758,3090,1639
4060,2773,2985,1051
4061,1824,3120,1062
4062,164,95,25
4063,91,134,69
4064,2750,3108,1743
4065,2186,3960,1802
4066,3739,3376,1162
4067,2393,3394,1117
4068,72,75,29
4069,48,63,39
4070,1814,1860,1318
4071,1460,2233,1294
4072,2157,2170,875
4073,1241,2413,931
4074,72,67,44
4075,42,87,57
4076,1788,2154,1499
4077,1619,2541,1626
4078,2488,2413,939
4079,1596,2610,947
4080,75,51,35
4081,61,78,55
4082,1596,2114,1318
4083,1577,2531,1476
4084,2437,2486,824
4085,1513,2626,872
4086,93,47,41
4087,49,73,60
4088,1736,2229,1396
4089,1599,2812,1564
4090,2443,2558,807
4091,1545,2822,871
4092,101,78,60
4093,77,91,71
4094,1835,2504,1540
4095,1619,2941,1639
4096,2763,2639,916
4097,1675,2929,955
4098,99,64,44
4099,68,65,55
4100,1844,2519,1458
4101,1627,2996,1607
4102,2791,2709,858
4103,1754,3045,922
4104,102,62,37
4105,80,67,31
4106,2123,2826,1427
4107,1777,3176,1519
4108,3159,2706,807
4109,1952,2835,805
4110,115,78,58
4111,80,69,60
4112,2636,1970,1440
4113,1840,2304,1406
4114,2348,2673,1296
4115,1272,2917,1359
4116,93,96,42
4117,64,106,60
4118,2120,2620,1614
4119,1794,3192,1740
4120,2702,3025,1087
4121,1650,3181,1091
4122,104,54,36
4123,70,95,60
4124,2044,2723,1535
4125,1779,3308,1788
4126,2873,3040,995
4127,1658,3335,1118
4128,104,77,48
4129,67,113,61
4130,2103,2796,1472
4131,1858,3362,1737
4132,2806,3127,984
4133,1743,3227,997
4134,128,82,47
4135,83,116,69
4136,2490,2962,1696
4137,2014,3570,1843
4138,3152,3390,1129
4139,1890,3629,1105
4140,131,67,49
4141,111,83,54
4142,2616,2664,1402
4143,2173,3171,1557
4144,3348,3253,1143
4145,1820,3425,1011
4146,141,87,37
4147,104,124,45
4148,2487,3098,1574
4149,2123,3689,1670
4150,3562,3271,1181
4151,1956,3376,1086
4152,49,49,25
4153,26,84,50
4154,1260,1260,998
4155,994,1472,1031
4156,1318,1652,787
4157,701,1802,882
4158,60,57,32
4159,50,45,20
4160,1442,1550,1078
4161,1186,1936,1091
4162,1783,2011,735
4163,959,2098,731
4164,58,54,33
4165,34,52,45
4166,1568,2137,1259
4167,1362,2583,1394
4168,2319,2491,717
4169,1436,2613,766
4170,63,39,33
4171,40,70,42
4172,1537,2209,1339
4173,1401,2568,1405
4174,2132,2286,720
4175,1388,2555,757
4176,121,70,54
4177,62,77,55
4178,2089,2724,1681
4179,1865,3102,1725
4180,2822,3014,1163
4181,1640,3394,1154
4182,114,92,42
4183,101,113,54
4184,2279,2808,1612
4185,2037,3454,1803
4186,3024,3371,1247
4187,1911,3532,1196
4188,125,80,32
4189,92,98,35
4190,2425,2987,1503
4191,2009,3602,1621
4192,3399,3091,1027
4193,2154,3354,1088
4194,79,77,40
4195,49,83,53
4196,2114,1918,1528
4197,1683,2396,1351
4198,2336,2509,1102
4199,1244,2706,1165
4200,81,65,46
4201,63,104,71
4202,1820,2177,1402
4203,1705,2643,1502
4204,2406,2667,1022
4205,1439,3023,1061
4206,128,71,34
4207,98,111,61
4208,1931,2338,1454
4209,1724,2735,1587
4210,2447,2631,1000
4211,1633,2916,1060
4212,110,73,34
4213,68,86,46
4214,1723,2423,1443
4215,1633,2974,1566
4216,2542,2660,1064
4217,1625,2879,995
4218,103,73,54
4219,55,115,76
4220,2002,2287,1531
4221,1879,2884,1602
4222,2415,3078,1219
4223,1515,3273,1196
4224,120,90,37
4225,72,102,47
4226,1997,2668,1583
4227,1826,3313,1698
4228,2921,3143,1062
4229,1834,3240,1022
4230,78,54,14
4231,54,78,46
4232,1772,2551,1344
4233,1625,3005,1406
4234,2851,2515,756
4235,1739,2610,766
4236,88,75,30
4237,72,64,47
4238,2049,1929,1451
4239,1707,2146,1327
4240,2204,2317,1145
4241,1211,2584,1279
4242,86,70,45
4243,41,67,50
4244,1485,2054,1389
4245,1372,2385,1474
4246,2054,2424,826
4247,1301,2590,905
4248,98,84,45
4249,46,108,63
4250,1917,2237,1351
4251,1723,2714,1552
4252,2353,2653,1030
4253,1448,2779,995
4254,229,78,48
4255,126,113,63
4256,2016,2491,1459
4257,1920,2853,1642
4258,2600,2964,1150
4259,1719,3108,1083
4260,89,68,34
4261,57,104,58
4262,1638,2169,1409
4263,1402,2652,1534
4264,2221,2600,834
4265,1441,2683,831
4266,192,74,48
4267,106,107,48
4268,2047,2769,1615
4269,1892,3595,1791
4270,2865,3204,1009
4271,1804,3275,1027
4272,118,92,42
4273,79,106,46
4274,2168,3007,1503
4275,1916,3677,1697
4276,3242,3254,1119
4277,1999,3153,990
4278,119,92,45
4279,68,108,33
4280,2220,2424,1556
4281,1791,2790,1580
4282,2621,2937,1254
4283,1523,3194,1364
