,year,month,day,real data,data with prediction for 2023
0,2021,5,17,1867.6666666666667,1867.6666666666667
1,2021,5,18,1925.1666666666667,1925.1666666666667
2,2021,5,19,2071.8333333333335,2071.8333333333335
3,2021,5,20,1119.8333333333333,1119.8333333333333
4,2021,5,21,1712.6666666666667,1712.6666666666667
5,2021,5,22,2788.3333333333335,2788.3333333333335
6,2021,5,23,1211.3333333333333,1211.3333333333333
7,2021,5,24,2019.3333333333333,2019.3333333333333
8,2021,5,25,1699.1666666666667,1699.1666666666667
9,2021,5,26,1837.8333333333333,1837.8333333333333
10,2021,5,27,1678.6666666666667,1678.6666666666667
11,2021,5,28,1968.6666666666667,1968.6666666666667
12,2021,5,29,2543.8333333333335,2543.8333333333335
13,2021,5,30,2068.3333333333335,2068.3333333333335
14,2021,5,31,2199.3333333333335,2199.3333333333335
15,2021,6,1,2380.6666666666665,2380.6666666666665
16,2021,6,2,1890.8333333333333,1890.8333333333333
17,2021,6,3,2288.5,2288.5
18,2021,6,4,2263.3333333333335,2263.3333333333335
19,2021,6,5,2230.5,2230.5
20,2021,6,6,1596.6666666666667,1596.6666666666667
21,2021,6,7,1598.8333333333333,1598.8333333333333
22,2021,6,8,2138.3333333333335,2138.3333333333335
23,2021,6,9,1951.0,1951.0
24,2021,6,10,2091.3333333333335,2091.3333333333335
25,2021,6,11,2225.1666666666665,2225.1666666666665
26,2021,6,12,2487.1666666666665,2487.1666666666665
27,2021,6,13,1601.1666666666667,1601.1666666666667
28,2021,6,14,1983.5,1983.5
29,2021,6,15,2239.0,2239.0
30,2021,6,16,1975.5,1975.5
31,2021,6,17,2122.1666666666665,2122.1666666666665
32,2021,6,18,2273.8333333333335,2273.8333333333335
33,2021,6,19,2472.6666666666665,2472.6666666666665
34,2021,6,20,1497.0,1497.0
35,2021,6,21,1922.0,1922.0
36,2021,6,22,1897.3333333333333,1897.3333333333333
37,2021,6,23,1648.1666666666667,1648.1666666666667
38,2021,6,24,1870.1666666666667,1870.1666666666667
39,2021,6,25,2041.0,2041.0
40,2021,6,26,2145.8333333333335,2145.8333333333335
41,2021,6,27,1645.0,1645.0
42,2021,6,28,2109.3333333333335,2109.3333333333335
43,2021,6,29,2119.5,2119.5
44,2021,6,30,2204.8333333333335,2204.8333333333335
45,2021,7,1,2256.0,2256.0
46,2021,7,2,2247.1666666666665,2247.1666666666665
47,2021,7,3,2000.0,2000.0
48,2021,7,4,1324.3333333333333,1324.3333333333333
49,2021,7,5,1988.6666666666667,1988.6666666666667
50,2021,7,6,1569.5,1569.5
51,2021,7,7,1954.5,1954.5
52,2021,7,8,2067.5,2067.5
53,2021,7,9,2126.0,2126.0
54,2021,7,10,2131.6666666666665,2131.6666666666665
55,2021,7,11,970.6666666666666,970.6666666666666
56,2021,7,12,1808.3333333333333,1808.3333333333333
57,2021,7,13,2018.1666666666667,2018.1666666666667
58,2021,7,14,2069.0,2069.0
59,2021,7,15,2182.1666666666665,2182.1666666666665
60,2021,7,16,2136.6666666666665,2136.6666666666665
61,2021,7,17,2145.8333333333335,2145.8333333333335
62,2021,7,18,1561.6666666666667,1561.6666666666667
63,2021,7,19,1898.1666666666667,1898.1666666666667
64,2021,7,20,2048.1666666666665,2048.1666666666665
65,2021,7,21,2014.0,2014.0
66,2021,7,22,2162.0,2162.0
67,2021,7,23,2347.8333333333335,2347.8333333333335
68,2021,7,24,2356.0,2356.0
69,2021,7,25,1514.6666666666667,1514.6666666666667
70,2021,7,26,1939.5,1939.5
71,2021,7,27,1735.5,1735.5
72,2021,7,28,1782.8333333333333,1782.8333333333333
73,2021,7,29,2086.8333333333335,2086.8333333333335
74,2021,7,30,1782.1666666666667,1782.1666666666667
75,2021,7,31,2000.3333333333333,2000.3333333333333
76,2021,8,1,1467.8333333333333,1467.8333333333333
77,2021,8,2,1329.0,1329.0
78,2021,8,3,1971.6666666666667,1971.6666666666667
79,2021,8,4,2032.0,2032.0
80,2021,8,5,1471.8333333333333,1471.8333333333333
81,2021,8,6,2042.1666666666667,2042.1666666666667
82,2021,8,7,1705.5,1705.5
83,2021,8,8,1446.3333333333333,1446.3333333333333
84,2021,8,9,1862.1666666666667,1862.1666666666667
85,2021,8,10,1973.6666666666667,1973.6666666666667
86,2021,8,11,1948.3333333333333,1948.3333333333333
87,2021,8,12,2134.5,2134.5
88,2021,8,13,2317.1666666666665,2317.1666666666665
89,2021,8,14,2392.0,2392.0
90,2021,8,15,1403.3333333333333,1403.3333333333333
91,2021,8,16,2000.3333333333333,2000.3333333333333
92,2021,8,17,2032.6666666666667,2032.6666666666667
93,2021,8,18,2020.5,2020.5
94,2021,8,19,2094.8333333333335,2094.8333333333335
95,2021,8,20,2187.8333333333335,2187.8333333333335
96,2021,8,21,2005.6666666666667,2005.6666666666667
97,2021,8,22,1425.8333333333333,1425.8333333333333
98,2021,8,23,2202.5,2202.5
99,2021,8,24,2310.0,2310.0
100,2021,8,25,2307.8333333333335,2307.8333333333335
101,2021,8,26,2273.0,2273.0
102,2021,8,27,2741.1666666666665,2741.1666666666665
103,2021,8,28,2462.6666666666665,2462.6666666666665
104,2021,8,29,1597.3333333333333,1597.3333333333333
105,2021,8,30,2092.1666666666665,2092.1666666666665
106,2021,8,31,1997.1666666666667,1997.1666666666667
107,2021,9,1,1653.6666666666667,1653.6666666666667
108,2021,9,2,1956.0,1956.0
109,2021,9,3,2223.8333333333335,2223.8333333333335
110,2021,9,4,2535.1666666666665,2535.1666666666665
111,2021,9,5,1628.6666666666667,1628.6666666666667
112,2021,9,6,1811.3333333333333,1811.3333333333333
113,2021,9,7,1926.5,1926.5
114,2021,9,8,1987.0,1987.0
115,2021,9,9,1934.5,1934.5
116,2021,9,10,2103.8333333333335,2103.8333333333335
117,2021,9,11,2377.0,2377.0
118,2021,9,12,1479.0,1479.0
119,2021,9,13,1763.8333333333333,1763.8333333333333
120,2021,9,14,1897.6666666666667,1897.6666666666667
121,2021,9,15,1829.3333333333333,1829.3333333333333
122,2021,9,16,2075.6666666666665,2075.6666666666665
123,2021,9,17,2031.8333333333333,2031.8333333333333
124,2021,9,18,2568.3333333333335,2568.3333333333335
125,2021,9,19,1682.1666666666667,1682.1666666666667
126,2021,9,20,1770.1666666666667,1770.1666666666667
127,2021,9,21,2044.8333333333333,2044.8333333333333
128,2021,9,22,2024.5,2024.5
129,2021,9,23,1969.0,1969.0
130,2021,9,24,2306.6666666666665,2306.6666666666665
131,2021,9,25,2694.6666666666665,2694.6666666666665
132,2021,9,26,1625.1666666666667,1625.1666666666667
133,2021,9,27,1825.3333333333333,1825.3333333333333
134,2021,9,28,1799.1666666666667,1799.1666666666667
135,2021,9,29,2035.1666666666667,2035.1666666666667
136,2021,9,30,1807.0,1807.0
137,2021,10,1,2216.6666666666665,2216.6666666666665
138,2021,10,2,2385.0,2385.0
139,2021,10,3,1491.3333333333333,1491.3333333333333
140,2021,10,4,1953.5,1953.5
141,2021,10,5,1867.5,1867.5
142,2021,10,6,1908.1666666666667,1908.1666666666667
143,2021,10,7,1979.0,1979.0
144,2021,10,8,2234.0,2234.0
145,2021,10,9,2354.5,2354.5
146,2021,10,10,1641.8333333333333,1641.8333333333333
147,2021,10,11,1927.5,1927.5
148,2021,10,12,1873.6666666666667,1873.6666666666667
149,2021,10,13,1878.6666666666667,1878.6666666666667
150,2021,10,14,1979.8333333333333,1979.8333333333333
151,2021,10,15,2343.1666666666665,2343.1666666666665
152,2021,10,16,2352.3333333333335,2352.3333333333335
153,2021,10,17,1621.5,1621.5
154,2021,10,18,1813.1666666666667,1813.1666666666667
155,2021,10,19,1898.0,1898.0
156,2021,10,20,1850.5,1850.5
157,2021,10,21,1987.5,1987.5
158,2021,10,22,2201.5,2201.5
159,2021,10,23,2145.5,2145.5
160,2021,10,24,1433.5,1433.5
161,2021,10,25,1411.1666666666667,1411.1666666666667
162,2021,10,26,2043.6666666666667,2043.6666666666667
163,2021,10,27,2031.0,2031.0
164,2021,10,28,1910.5,1910.5
165,2021,10,29,2559.3333333333335,2559.3333333333335
166,2021,10,30,2229.0,2229.0
167,2021,10,31,1369.1666666666667,1369.1666666666667
168,2021,11,1,1800.3333333333333,1800.3333333333333
169,2021,11,2,1850.5,1850.5
170,2021,11,3,1945.5,1945.5
171,2021,11,4,1883.5,1883.5
172,2021,11,5,2193.6666666666665,2193.6666666666665
173,2021,11,6,2204.1666666666665,2204.1666666666665
174,2021,11,7,1630.8333333333333,1630.8333333333333
175,2021,11,8,1763.1666666666667,1763.1666666666667
176,2021,11,9,1800.6666666666667,1800.6666666666667
177,2021,11,10,1833.3333333333333,1833.3333333333333
178,2021,11,11,1821.8333333333333,1821.8333333333333
179,2021,11,12,2149.8333333333335,2149.8333333333335
180,2021,11,13,2311.8333333333335,2311.8333333333335
181,2021,11,14,1568.1666666666667,1568.1666666666667
182,2021,11,15,1813.3333333333333,1813.3333333333333
183,2021,11,16,1798.3333333333333,1798.3333333333333
184,2021,11,17,1865.6666666666667,1865.6666666666667
185,2021,11,18,1925.1666666666667,1925.1666666666667
186,2021,11,19,2175.5,2175.5
187,2021,11,20,2323.1666666666665,2323.1666666666665
188,2021,11,21,1494.1666666666667,1494.1666666666667
189,2021,11,22,1665.5,1665.5
190,2021,11,23,1632.6666666666667,1632.6666666666667
191,2021,11,24,1697.0,1697.0
192,2021,11,25,1816.0,1816.0
193,2021,11,26,2011.8333333333333,2011.8333333333333
194,2021,11,27,2377.5,2377.5
195,2021,11,28,1584.3333333333333,1584.3333333333333
196,2021,11,29,68.16666666666667,68.16666666666667
197,2021,11,30,1621.3333333333333,1621.3333333333333
198,2021,12,1,1761.5502976493187,1761.5502976493187
199,2021,12,2,1789.8134957067762,1789.8134957067762
200,2021,12,3,2081.888835138334,2081.888835138334
201,2021,12,4,2275.0721694993344,2275.0721694993344
202,2021,12,5,1915.5291661996102,1915.5291661996102
203,2021,12,6,1716.785057099998,1716.785057099998
204,2021,12,7,988.8415573374654,988.8415573374654
205,2021,12,8,1403.646290411891,1403.646290411891
206,2021,12,9,1784.7880542535866,1784.7880542535866
207,2021,12,10,2136.86793517771,2136.86793517771
208,2021,12,11,2501.859817541081,2501.859817541081
209,2021,12,12,2015.522861026704,2015.522861026704
210,2021,12,13,1863.2580283428927,1863.2580283428927
211,2021,12,14,2002.1107748193006,2002.1107748193006
212,2021,12,15,2071.6582223687374,2071.6582223687374
213,2021,12,16,2086.4573806507274,2086.4573806507274
214,2021,12,17,2305.753221818339,2305.753221818339
215,2021,12,18,3019.9979216322795,3019.9979216322795
216,2021,12,19,2276.9438596174527,2276.9438596174527
217,2021,12,20,2154.468042184034,2154.468042184034
218,2021,12,21,2262.0896261573325,2262.0896261573325
219,2021,12,22,1997.943039445032,1997.943039445032
220,2021,12,23,2981.8313505274955,2981.8313505274955
221,2021,12,24,1987.4202975052435,1987.4202975052435
222,2021,12,25,360.137311862035,360.137311862035
223,2021,12,26,1094.6611686647905,1094.6611686647905
224,2021,12,27,1420.5540997070957,1420.5540997070957
225,2021,12,28,1795.45968234379,1795.45968234379
226,2021,12,29,1747.4107583104958,1747.4107583104958
227,2021,12,30,1422.6963470158378,1422.6963470158378
228,2021,12,31,1802.1730000460163,1802.1730000460163
229,2022,1,1,1160.593653870343,1160.593653870343
230,2022,1,2,1484.2421275577399,1484.2421275577399
231,2022,1,3,1550.5785893797067,1550.5785893797067
232,2022,1,4,1812.5829287832653,1812.5829287832653
233,2022,1,5,1727.0203057362112,1727.0203057362112
234,2022,1,6,1314.4882108832173,1314.4882108832173
235,2022,1,7,1524.7257640374896,1524.7257640374896
236,2022,1,8,1978.0768582360083,1978.0768582360083
237,2022,1,9,1504.3948845427642,1504.3948845427642
238,2022,1,10,1572.5051863729236,1572.5051863729236
239,2022,1,11,1599.6108848015494,1599.6108848015494
240,2022,1,12,1647.0903756218845,1647.0903756218845
241,2022,1,13,1492.4808485573367,1492.4808485573367
242,2022,1,14,1790.0058466149273,1790.0058466149273
243,2022,1,15,2246.2426598389843,2246.2426598389843
244,2022,1,16,1693.4551417451842,1693.4551417451842
245,2022,1,17,1576.209278954253,1576.209278954253
246,2022,1,18,1516.3833187351759,1516.3833187351759
247,2022,1,19,1569.8989754726433,1569.8989754726433
248,2022,1,20,1581.0906529570552,1581.0906529570552
249,2022,1,21,1840.2007362960057,1840.2007362960057
250,2022,1,22,2218.218212863551,2218.218212863551
251,2022,1,23,1682.4047791284345,1682.4047791284345
252,2022,1,24,1564.228326308148,1564.228326308148
253,2022,1,25,1586.8177087228205,1586.8177087228205
254,2022,1,26,1684.2388338133844,1684.2388338133844
255,2022,1,27,1677.3110895914278,1677.3110895914278
256,2022,1,28,1937.0947443416185,1937.0947443416185
257,2022,1,29,2301.83722759837,2301.83722759837
258,2022,1,30,1643.5560995733404,1643.5560995733404
259,2022,1,31,1573.662641133532,1573.662641133532
260,2022,2,1,1498.8937759806772,1498.8937759806772
261,2022,2,2,1678.3926318885012,1678.3926318885012
262,2022,2,3,1634.6966333899188,1634.6966333899188
263,2022,2,4,1725.0573743951218,1725.0573743951218
264,2022,2,5,1593.009966406298,1593.009966406298
265,2022,2,6,1506.6285110396652,1506.6285110396652
266,2022,2,7,1592.6549148448464,1592.6549148448464
267,2022,2,8,1351.6522737645291,1351.6522737645291
268,2022,2,9,1689.2162677391857,1689.2162677391857
269,2022,2,10,1683.3172395868867,1683.3172395868867
270,2022,2,11,1916.5251586330921,1916.5251586330921
271,2022,2,12,2126.0933623471765,2126.0933623471765
272,2022,2,13,1562.2631460163443,1562.2631460163443
273,2022,2,14,1676.9238180258114,1676.9238180258114
274,2022,2,15,1519.466666132681,1519.466666132681
275,2022,2,16,1333.4322942337328,1333.4322942337328
276,2022,2,17,1585.6174790304167,1585.6174790304167
277,2022,2,18,1641.958271089323,1641.958271089323
278,2022,2,19,1969.9848675330775,1969.9848675330775
279,2022,2,20,890.3417356295182,890.3417356295182
280,2022,2,21,1763.4515449253229,1763.4515449253229
281,2022,2,22,1836.1225899229696,1836.1225899229696
282,2022,2,23,1701.3082434009036,1701.3082434009036
283,2022,2,24,1726.097518051762,1726.097518051762
284,2022,2,25,2051.650267528264,2051.650267528264
285,2022,2,26,1986.9061705325685,1986.9061705325685
286,2022,2,27,1519.373634722783,1519.373634722783
287,2022,2,28,1550.1674071473617,1550.1674071473617
288,2022,3,1,1678.9202525654625,1678.9202525654625
289,2022,3,2,1006.8536743672635,1006.8536743672635
290,2022,3,3,1792.3438872404863,1792.3438872404863
291,2022,3,4,2016.4465662387277,2016.4465662387277
292,2022,3,5,2435.1231871781874,2435.1231871781874
293,2022,3,6,1849.4080484249482,1849.4080484249482
294,2022,3,7,1620.3461099400313,1620.3461099400313
295,2022,3,8,1333.506416510341,1333.506416510341
296,2022,3,9,908.9944245040053,908.9944245040053
297,2022,3,10,1723.9381517966574,1723.9381517966574
298,2022,3,11,1497.3097171313225,1497.3097171313225
299,2022,3,12,1946.4917445324336,1946.4917445324336
300,2022,3,13,1715.6770792551051,1715.6770792551051
301,2022,3,14,1590.0996020198675,1590.0996020198675
302,2022,3,15,1800.233613704834,1800.233613704834
303,2022,3,16,1939.9251122586502,1939.9251122586502
304,2022,3,17,1434.6308994880706,1434.6308994880706
305,2022,3,18,1874.1130115383899,1874.1130115383899
306,2022,3,19,2101.8379964616347,2101.8379964616347
307,2022,3,20,1691.1825035237525,1691.1825035237525
308,2022,3,21,1827.7426471526758,1827.7426471526758
309,2022,3,22,1791.2518348840051,1791.2518348840051
310,2022,3,23,1829.7713016964915,1829.7713016964915
311,2022,3,24,1797.2303558736933,1797.2303558736933
312,2022,3,25,2071.215554826392,2071.215554826392
313,2022,3,26,2527.9796679288106,2527.9796679288106
314,2022,3,27,1698.060129232795,1698.060129232795
315,2022,3,28,1696.8114332492153,1696.8114332492153
316,2022,3,29,1685.079696876319,1685.079696876319
317,2022,3,30,1569.413532998502,1569.413532998502
318,2022,3,31,1769.1368812520554,1769.1368812520554
319,2022,4,1,1810.0155916423278,1810.0155916423278
320,2022,4,2,2213.7586242494667,2213.7586242494667
321,2022,4,3,1731.6554471106833,1731.6554471106833
322,2022,4,4,1552.7260244158183,1552.7260244158183
323,2022,4,5,1698.9578576607869,1698.9578576607869
324,2022,4,6,1663.9327376447395,1663.9327376447395
325,2022,4,7,1671.011296169226,1671.011296169226
326,2022,4,8,1791.461763502307,1791.461763502307
327,2022,4,9,2179.788473017485,2179.788473017485
328,2022,4,10,1513.1373155525935,1513.1373155525935
329,2022,4,11,1781.2437269094216,1781.2437269094216
330,2022,4,12,1469.7883834371457,1469.7883834371457
331,2022,4,13,1688.0223261351375,1688.0223261351375
332,2022,4,14,2113.340667381306,2113.340667381306
333,2022,4,15,2069.4858211731344,2069.4858211731344
334,2022,4,16,2096.195528163663,2096.195528163663
335,2022,4,17,1069.2119991403886,1069.2119991403886
336,2022,4,18,1389.0087324222154,1389.0087324222154
337,2022,4,19,1868.385910904402,1868.385910904402
338,2022,4,20,1874.0856584629958,1874.0856584629958
339,2022,4,21,1910.0779933170263,1910.0779933170263
340,2022,4,22,2064.0169326152118,2064.0169326152118
341,2022,4,23,2128.5047905551796,2128.5047905551796
342,2022,4,24,1535.3525993073367,1535.3525993073367
343,2022,4,25,1671.4839347650222,1671.4839347650222
344,2022,4,26,1759.1794885193622,1759.1794885193622
345,2022,4,27,1788.2985576005908,1788.2985576005908
346,2022,4,28,1747.2486543861712,1747.2486543861712
347,2022,4,29,2030.5461763254455,2030.5461763254455
348,2022,4,30,1922.9771426491864,1922.9771426491864
349,2022,5,1,1437.3792048183996,1437.3792048183996
350,2022,5,2,1662.8441276969238,1662.8441276969238
351,2022,5,3,1876.5416517897213,1876.5416517897213
352,2022,5,4,1969.6666666666667,1969.6666666666667
353,2022,5,5,2282.1666666666665,2282.1666666666665
354,2022,5,6,2217.1666666666665,2217.1666666666665
355,2022,5,7,2733.1666666666665,2733.1666666666665
356,2022,5,8,2135.3333333333335,2135.3333333333335
357,2022,5,9,1810.6666666666667,1810.6666666666667
358,2022,5,10,2060.6666666666665,2060.6666666666665
359,2022,5,11,2178.0,2178.0
360,2022,5,12,2150.6666666666665,2150.6666666666665
361,2022,5,13,2481.8333333333335,2481.8333333333335
362,2022,5,14,2508.8333333333335,2508.8333333333335
363,2022,5,15,1637.0,1637.0
364,2022,5,16,1981.3333333333333,1981.3333333333333
365,2022,5,17,1596.1666666666667,1596.1666666666667
366,2022,5,18,2178.1666666666665,2178.1666666666665
367,2022,5,19,2191.1666666666665,2191.1666666666665
368,2022,5,20,2310.6666666666665,2310.6666666666665
369,2022,5,21,2463.1666666666665,2463.1666666666665
370,2022,5,22,1577.5,1577.5
371,2022,5,23,1828.1666666666667,1828.1666666666667
372,2022,5,24,2108.8333333333335,2108.8333333333335
373,2022,5,25,2100.0,2100.0
374,2022,5,26,2192.3333333333335,2192.3333333333335
375,2022,5,27,2493.3333333333335,2493.3333333333335
376,2022,5,28,2577.5,2577.5
377,2022,5,29,1765.1666666666667,1765.1666666666667
378,2022,5,30,1885.5,1885.5
379,2022,5,31,2117.0,2117.0
380,2022,6,1,2309.8333333333335,2309.8333333333335
381,2022,6,2,2223.6666666666665,2223.6666666666665
382,2022,6,3,2784.0,2784.0
383,2022,6,4,2511.8333333333335,2511.8333333333335
384,2022,6,5,1088.6666666666667,1088.6666666666667
385,2022,6,6,1847.0,1847.0
386,2022,6,7,2554.3333333333335,2554.3333333333335
387,2022,6,8,2175.5,2175.5
388,2022,6,9,2262.0,2262.0
389,2022,6,10,2279.3333333333335,2279.3333333333335
390,2022,6,11,2513.0,2513.0
391,2022,6,12,1626.3333333333333,1626.3333333333333
392,2022,6,13,2200.8333333333335,2200.8333333333335
393,2022,6,14,2258.8333333333335,2258.8333333333335
394,2022,6,15,2326.1666666666665,2326.1666666666665
395,2022,6,16,2395.8333333333335,2395.8333333333335
396,2022,6,17,1.6666666666666667,1.6666666666666667
397,2022,6,18,2328.5582242106934,2328.5582242106934
398,2022,6,19,1630.0869651674684,1630.0869651674684
399,2022,6,20,1770.4425805658805,1770.4425805658805
400,2022,6,21,1859.694012303051,1859.694012303051
401,2022,6,22,1875.6826142876607,1875.6826142876607
402,2022,6,23,1993.8911940151468,1993.8911940151468
403,2022,6,24,1938.4012232178302,1938.4012232178302
404,2022,6,25,2012.038151630321,2012.038151630321
405,2022,6,26,1538.3228575719259,1538.3228575719259
406,2022,6,27,1908.177480735186,1908.177480735186
407,2022,6,28,1640.4347959440674,1640.4347959440674
408,2022,6,29,1898.6745970273857,1898.6745970273857
409,2022,6,30,1955.8164608623094,1955.8164608623094
410,2022,7,1,2127.0887580516833,2127.0887580516833
411,2022,7,2,2135.4124321858953,2135.4124321858953
412,2022,7,3,1654.7447934128743,1654.7447934128743
413,2022,7,4,1940.4172567167118,1940.4172567167118
414,2022,7,5,1952.9355156685765,1952.9355156685765
415,2022,7,6,1943.5568727502985,1943.5568727502985
416,2022,7,7,1976.2244462785216,1976.2244462785216
417,2022,7,8,2237.42381273361,2237.42381273361
418,2022,7,9,2139.9411864113717,2139.9411864113717
419,2022,7,10,1610.7619914366574,1610.7619914366574
420,2022,7,11,1975.5328383933434,1975.5328383933434
421,2022,7,12,1964.3375805350774,1964.3375805350774
422,2022,7,13,52.166666666666664,52.166666666666664
423,2022,7,14,1355.5,1355.5
424,2022,7,15,1327.1666666666667,1327.1666666666667
425,2022,7,16,1281.0,1281.0
426,2022,7,17,1029.6666666666667,1029.6666666666667
427,2022,7,18,1117.6666666666667,1117.6666666666667
428,2022,7,19,1033.5,1033.5
429,2022,7,20,1150.8333333333333,1150.8333333333333
430,2022,7,21,1204.8333333333333,1204.8333333333333
431,2022,7,22,1261.5,1261.5
432,2022,7,23,1209.5,1209.5
433,2022,7,24,882.8333333333334,882.8333333333334
434,2022,7,25,1042.0,1042.0
435,2022,7,26,1080.3333333333333,1080.3333333333333
436,2022,7,27,1155.1666666666667,1155.1666666666667
437,2022,7,28,1209.1666666666667,1209.1666666666667
438,2022,7,29,1273.5,1273.5
439,2022,7,30,1057.1666666666667,1057.1666666666667
440,2022,7,31,778.5,778.5
441,2022,8,1,720.3333333333334,720.3333333333334
442,2022,8,2,1118.1666666666667,1118.1666666666667
443,2022,8,3,1097.3333333333333,1097.3333333333333
444,2022,8,4,1215.5,1215.5
445,2022,8,5,1286.5,1286.5
446,2022,8,6,1226.6666666666667,1226.6666666666667
447,2022,8,7,882.1666666666666,882.1666666666666
448,2022,8,8,1065.3333333333333,1065.3333333333333
449,2022,8,9,1117.6666666666667,1117.6666666666667
450,2022,8,10,1200.6666666666667,1200.6666666666667
451,2022,8,11,1176.5,1176.5
452,2022,8,12,1271.8333333333333,1271.8333333333333
453,2022,8,13,1184.0,1184.0
454,2022,8,14,869.1666666666666,869.1666666666666
455,2022,8,15,982.5,982.5
456,2022,8,16,1083.5,1083.5
457,2022,8,17,1055.5,1055.5
458,2022,8,18,1942.0,1942.0
459,2022,8,19,2107.5,2107.5
460,2022,8,20,1940.3333333333333,1940.3333333333333
461,2022,8,21,1531.6666666666667,1531.6666666666667
462,2022,8,22,1920.1666666666667,1920.1666666666667
463,2022,8,23,1989.6666666666667,1989.6666666666667
464,2022,8,24,2062.6666666666665,2062.6666666666665
465,2022,8,25,2066.0,2066.0
466,2022,8,26,2219.6666666666665,2219.6666666666665
467,2022,8,27,2259.1666666666665,2259.1666666666665
468,2022,8,28,1655.3333333333333,1655.3333333333333
469,2022,8,29,2017.3333333333333,2017.3333333333333
470,2022,8,30,2012.8333333333333,2012.8333333333333
471,2022,8,31,1786.3333333333333,1786.3333333333333
472,2022,9,1,1923.0,1923.0
473,2022,9,2,2044.8333333333333,2044.8333333333333
474,2022,9,3,1567.0,1567.0
475,2022,9,4,1672.0,1672.0
476,2022,9,5,1638.1666666666667,1638.1666666666667
477,2022,9,6,1572.0,1572.0
478,2022,9,7,1746.3333333333333,1746.3333333333333
479,2022,9,8,1817.3333333333333,1817.3333333333333
480,2022,9,9,1989.8333333333333,1989.8333333333333
481,2022,9,10,2326.6666666666665,2326.6666666666665
482,2022,9,11,1046.1666666666667,1046.1666666666667
483,2022,9,12,1714.3333333333333,1714.3333333333333
484,2022,9,13,1745.8333333333333,1745.8333333333333
485,2022,9,14,1891.1666666666667,1891.1666666666667
486,2022,9,15,1835.8333333333333,1835.8333333333333
487,2022,9,16,2068.3333333333335,2068.3333333333335
488,2022,9,17,2160.1666666666665,2160.1666666666665
489,2022,9,18,1515.0,1515.0
490,2022,9,19,1632.3333333333333,1632.3333333333333
491,2022,9,20,1739.0,1739.0
492,2022,9,21,1879.3333333333333,1879.3333333333333
493,2022,9,22,1446.0,1446.0
494,2022,9,23,2032.1666666666667,2032.1666666666667
495,2022,9,24,2306.5,2306.5
496,2022,9,25,1590.1666666666667,1590.1666666666667
497,2022,9,26,1718.1666666666667,1718.1666666666667
498,2022,9,27,1718.6666666666667,1718.6666666666667
499,2022,9,28,1775.0,1775.0
500,2022,9,29,1867.8333333333333,1867.8333333333333
501,2022,9,30,1832.6666666666667,1832.6666666666667
502,2022,10,1,2168.5,2168.5
503,2022,10,2,1551.6666666666667,1551.6666666666667
504,2022,10,3,1758.8333333333333,1758.8333333333333
505,2022,10,4,1708.8333333333333,1708.8333333333333
506,2022,10,5,1681.6666666666667,1681.6666666666667
507,2022,10,6,1846.8333333333333,1846.8333333333333
508,2022,10,7,2029.5,2029.5
509,2022,10,8,2251.0,2251.0
510,2022,10,9,1062.1666666666667,1062.1666666666667
511,2022,10,10,1762.5,1762.5
512,2022,10,11,1722.3333333333333,1722.3333333333333
513,2022,10,12,1871.3333333333333,1871.3333333333333
514,2022,10,13,1803.3333333333333,1803.3333333333333
515,2022,10,14,2026.5,2026.5
516,2022,10,15,2139.6666666666665,2139.6666666666665
517,2022,10,16,1292.1666666666667,1292.1666666666667
518,2022,10,17,1567.0,1567.0
519,2022,10,18,1762.8333333333333,1762.8333333333333
520,2022,10,19,1116.6666666666667,1116.6666666666667
521,2022,10,20,1911.0,1911.0
522,2022,10,21,1784.1666666666667,1784.1666666666667
523,2022,10,22,2326.6666666666665,2326.6666666666665
524,2022,10,23,1364.0,1364.0
525,2022,10,24,1800.0,1800.0
526,2022,10,25,1653.8333333333333,1653.8333333333333
527,2022,10,26,1867.0,1867.0
528,2022,10,27,1880.5,1880.5
529,2022,10,28,2197.3333333333335,2197.3333333333335
530,2022,10,29,1833.5,1833.5
531,2022,10,30,1653.6666666666667,1653.6666666666667
532,2022,10,31,1201.6666666666667,1201.6666666666667
533,2022,11,1,1930.8333333333333,1930.8333333333333
534,2022,11,2,1560.3333333333333,1560.3333333333333
535,2022,11,3,2041.1666666666667,2041.1666666666667
536,2022,11,4,2228.1666666666665,2228.1666666666665
537,2022,11,5,2190.8333333333335,2190.8333333333335
538,2022,11,6,1507.0,1507.0
539,2022,11,7,1497.8333333333333,1497.8333333333333
540,2022,11,8,1760.1666666666667,1760.1666666666667
541,2022,11,9,1797.5,1797.5
542,2022,11,10,1800.1666666666667,1800.1666666666667
543,2022,11,11,2112.5,2112.5
544,2022,11,12,2188.1666666666665,2188.1666666666665
545,2022,11,13,1463.1666666666667,1463.1666666666667
546,2022,11,14,1786.1666666666667,1786.1666666666667
547,2022,11,15,1803.6666666666667,1803.6666666666667
548,2022,11,16,1903.5,1903.5
549,2022,11,17,1875.0,1875.0
550,2022,11,18,2173.3333333333335,2173.3333333333335
551,2022,11,19,2171.6666666666665,2171.6666666666665
552,2022,11,20,1489.8333333333333,1489.8333333333333
553,2022,11,21,1323.6666666666667,1323.6666666666667
554,2022,11,22,1801.3333333333333,1801.3333333333333
555,2022,11,23,1836.3333333333333,1836.3333333333333
556,2022,11,24,1700.1666666666667,1700.1666666666667
557,2022,11,25,2232.1666666666665,2232.1666666666665
558,2022,11,26,1962.0,1962.0
559,2022,11,27,1647.1666666666667,1647.1666666666667
560,2022,11,28,1824.3333333333333,1824.3333333333333
561,2022,11,29,1852.0,1852.0
562,2022,11,30,1931.8333333333333,1931.8333333333333
563,2022,12,1,2091.8333333333335,2091.8333333333335
564,2022,12,2,2285.6666666666665,2285.6666666666665
565,2022,12,3,2318.8333333333335,2318.8333333333335
566,2022,12,4,1332.0,1332.0
567,2022,12,5,1572.3333333333333,1572.3333333333333
568,2022,12,6,1853.3333333333333,1853.3333333333333
569,2022,12,7,2159.0,2159.0
570,2022,12,8,2086.8333333333335,2086.8333333333335
571,2022,12,9,1963.3333333333333,1963.3333333333333
572,2022,12,10,2174.3333333333335,2174.3333333333335
573,2022,12,11,1579.0,1579.0
574,2022,12,12,1633.1666666666667,1633.1666666666667
575,2022,12,13,1954.5,1954.5
576,2022,12,14,2187.1666666666665,2187.1666666666665
577,2022,12,15,2046.1666666666667,2046.1666666666667
578,2022,12,16,2321.6666666666665,2321.6666666666665
579,2022,12,17,2677.5,2677.5
580,2022,12,18,1351.6666666666667,1351.6666666666667
581,2022,12,19,2175.1666666666665,2175.1666666666665
582,2022,12,20,2480.3333333333335,2480.3333333333335
583,2022,12,21,2685.5,2685.5
584,2022,12,22,2922.5,2922.5
585,2022,12,23,2888.5,2888.5
586,2022,12,24,2220.5,2220.5
587,2022,12,25,248.66666666666666,248.66666666666666
588,2022,12,26,836.0,836.0
589,2022,12,27,1374.1666666666667,1374.1666666666667
590,2022,12,28,1750.5,1750.5
591,2022,12,29,1800.5,1800.5
592,2022,12,30,1805.0,1805.0
593,2022,12,31,1767.3333333333333,1767.3333333333333
594,2023,1,1,922.1666666666666,1197.6370548818572
595,2023,1,2,1513.5,1723.438090494638
596,2023,1,3,1885.1666666666667,1877.3160573039304
597,2023,1,4,1855.5,1856.9986766710672
598,2023,1,5,1726.6666666666667,1738.9175140230807
599,2023,1,6,1960.0,1871.7763140554516
600,2023,1,7,2042.6666666666667,2170.074599828801
601,2023,1,8,1361.6666666666667,1657.6088419747139
602,2023,1,9,1591.6666666666667,1636.4336165363102
603,2023,1,10,1433.5,1547.2780763087646
604,2023,1,11,1497.8333333333333,1565.1474399186184
605,2023,1,12,1482.0,1594.1554844077402
606,2023,1,13,1865.5,1892.8009139861163
607,2023,1,14,1934.0,2000.9510123288567
608,2023,1,15,1347.1666666666667,1591.615859032468
609,2023,1,16,1621.0,1698.257274738215
610,2023,1,17,1568.1666666666667,1646.451048718255
611,2023,1,18,1573.8333333333333,1683.9948312942106
612,2023,1,19,1668.0,1773.3534558648435
613,2023,1,20,1977.6666666666667,1942.8406793092229
614,2023,1,21,2016.8333333333333,2096.1686106485804
615,2023,1,22,1358.5,1584.4042690335386
616,2023,1,23,1630.8333333333333,1668.9599707074858
617,2023,1,24,1710.3333333333333,1753.28280975752
618,2023,1,25,1715.5,1746.1530869697517
619,2023,1,26,1752.6666666666667,1777.6027751142617
620,2023,1,27,2015.5,2013.160540724689
621,2023,1,28,2175.5,2122.649021236301
622,2023,1,29,1427.3333333333333,1704.5403966586148
623,2023,1,30,1669.0,1719.048819366788
624,2023,1,31,1672.8333333333333,1736.35933885381
625,2023,2,1,1731.3333333333333,1809.3143720791568
626,2023,2,2,1759.0,1779.8855549178793
627,2023,2,3,2120.6666666666665,2090.2082796804525
628,2023,2,4,1977.1666666666667,2104.6869241078
629,2023,2,5,1658.8333333333333,1947.166432616059
630,2023,2,6,1558.1666666666667,1812.8010230526295
631,2023,2,7,1789.1666666666667,1796.1372106365352
632,2023,2,8,987.6666666666666,1801.4047413403352
633,2023,2,9,1857.8333333333333,1850.9444870179075
634,2023,2,10,2060.0,2036.6404635341898
635,2023,2,11,2038.5,2111.3516614577684
636,2023,2,12,1529.3333333333333,1812.9585767855094
637,2023,2,13,2066.0,1966.17597234792
638,2023,2,14,2048.1666666666665,2109.72045929563
639,2023,2,15,1845.8333333333333,1854.6128596245085
640,2023,2,16,2090.3333333333335,2054.192654298022
641,2023,2,17,2178.8333333333335,2177.6258428244237
642,2023,2,18,2104.8333333333335,2215.843498240023
643,2023,2,19,1557.6666666666667,1832.8821578367538
644,2023,2,20,1644.8333333333333,1756.3421220130372
645,2023,2,21,1656.3333333333333,1783.4973456542793
646,2023,2,22,1742.0,1785.040677142649
647,2023,2,23,1768.1666666666667,1825.8995001050644
648,2023,2,24,2000.8333333333333,2013.614474902496
649,2023,2,25,2100.1666666666665,2191.2977834370154
650,2023,2,26,1425.0,1719.6340817226367
651,2023,2,27,1614.8333333333333,1679.48210815301
652,2023,2,28,1689.6666666666667,1752.0931803943045
653,2023,3,1,1872.0,1858.8822237393229
654,2023,3,2,1781.3333333333333,1923.2211544637453
655,2023,3,3,2050.1666666666665,1971.628785136508
656,2023,3,4,2157.8333333333335,2226.6101198783176
657,2023,3,5,1474.6666666666667,1815.0676883475242
658,2023,3,6,1434.0,1494.0366115664337
659,2023,3,7,1772.0,1851.280579562941
660,2023,3,8,1697.6666666666667,1731.7795451656077
661,2023,3,9,1118.1666666666667,1212.4015833516587
662,2023,3,10,2010.0,1991.0785798227284
663,2023,3,11,1451.3333333333333,1604.1725544103447
664,2023,3,12,1518.1666666666667,1736.5601728641286
665,2023,3,13,1500.6666666666667,1589.1196988871413
666,2023,3,14,1745.8333333333333,1760.607933401864
667,2023,3,15,1674.5,1667.270514376915
668,2023,3,16,2348.3333333333335,2230.16364099494
669,2023,3,17,1431.0,1633.964999790385
670,2023,3,18,2010.0,2010.3833748331322
671,2023,3,19,1343.0,1560.8668318656319
672,2023,3,20,1744.0,1809.4224725708282
673,2023,3,21,1288.0,1619.792099318381
674,2023,3,22,1837.6666666666667,1782.1021966627006
675,2023,3,23,1982.6666666666667,1830.1362652974196
676,2023,3,24,2012.8333333333333,1850.9688398706626
677,2023,3,25,2344.5,2276.7113299165035
678,2023,3,26,1469.0,1554.9323565473287
679,2023,3,27,1645.3333333333333,1708.5714572701004
680,2023,3,28,1647.6666666666667,1625.8204333217154
681,2023,3,29,1756.8333333333333,1664.774909089108
682,2023,3,30,1863.6666666666667,1777.547696041131
683,2023,3,31,1899.6666666666667,1777.7176188785675
684,2023,4,1,1945.3333333333333,1896.9462635043878
685,2023,4,2,1668.5,1836.8234827980598
686,2023,4,3,2036.6666666666667,1856.1039172300361
687,2023,4,4,2092.5,1863.9914454488717
688,2023,4,5,2117.0,1869.9682608307357
689,2023,4,6,2291.5,2057.7143317535565
690,2023,4,7,2110.5,2074.987952056433
691,2023,4,8,2274.1666666666665,2123.7595885786445
692,2023,4,9,1053.1666666666667,1169.492843209539
693,2023,4,10,1282.8333333333333,1320.8036489698304
694,2023,4,11,1655.0,1535.0687251397662
695,2023,4,12,1621.1666666666667,1510.485163213063
696,2023,4,13,2063.5,1893.4493010809485
697,2023,4,14,2228.3333333333335,2021.621709730516
698,2023,4,15,2202.0,2081.5655739940044
699,2023,4,16,1614.8333333333333,1703.0116691562253
700,2023,4,17,1779.8333333333333,1695.4326978086945
701,2023,4,18,1800.3333333333333,1763.417328310867
702,2023,4,19,1849.1666666666667,1724.2341052287413
703,2023,4,20,1951.6666666666667,1796.0409089405557
704,2023,4,21,2092.6666666666665,1892.1141094587238
705,2023,4,22,1802.1666666666667,1728.8307686870378
706,2023,4,23,1519.1666666666667,1681.5046591601467
707,2023,4,24,1598.3333333333333,1505.4038470822563
708,2023,4,25,1762.5,1700.829683988453
709,2023,4,26,1934.5,1869.6711328501099
710,2023,4,27,1712.6666666666667,1576.6877810928515
711,2023,4,28,2170.6666666666665,1916.7874070356065
712,2023,4,29,2214.8333333333335,1992.966997461535
713,2023,4,30,1924.1666666666667,1857.8203543768166
